car_reg,checkin,checkout,paid_rm,floor,kind
WB1543,2026-07-01T16:03:04,2026-07-01T17:35:04,2.0,P3,Motorcycle
WA6852,2026-07-01T17:02:05,2026-07-01T19:15:05,2.0,P1,Car
BMK3658,2026-07-01T16:52:36,2026-07-01T19:13:36,2.0,B2,Car
WB2182,2026-07-01T10:14:02,2026-07-01T11:38:02,2.0,P3,Car
VBA1689,2026-07-01T14:19:35,2026-07-01T16:30:35,2.0,B2,Motorcycle
BMK9247,2026-07-01T11:35:45,2026-07-01T12:44:45,2.0,P1,Motorcycle
SWJ7629,2026-07-01T14:27:49,2026-07-01T17:36:49,2.38,B2,Car
PLT1342,2026-07-01T11:11:44,2026-07-01T13:32:44,2.0,B2,Car
JHG9978,2026-07-01T07:46:28,2026-07-01T09:18:28,2.0,P1,Car
VCC6910,2026-07-01T11:21:09,2026-07-01T13:08:09,2.0,P1,Car
SWJ5573,2026-07-01T13:56:52,2026-07-01T14:34:52,2.0,P3,Motorcycle
BMK4423,2026-07-01T07:04:53,2026-07-01T08:56:53,2.0,B1,Car
VCC4663,2026-07-01T18:41:36,2026-07-01T21:02:36,2.0,B1,Car
BMK8089,2026-07-01T17:10:39,2026-07-01T19:08:39,2.0,P1,Car
WA8135,2026-07-01T13:15:25,2026-07-01T14:36:25,2.0,P1,Car
WA9015,2026-07-01T09:56:08,2026-07-01T12:07:08,2.0,P3,Car
VBA1360,2026-07-01T18:24:14,2026-07-01T20:06:14,2.0,P2,Car
JKL2988,2026-07-01T13:31:53,2026-07-01T16:00:53,2.0,P3,Car
JKL5221,2026-07-01T16:23:39,2026-07-01T18:14:39,2.0,P2,Motorcycle
VCC9164,2026-07-01T17:47:03,2026-07-01T19:12:03,2.0,B1,Car
WXY3123,2026-07-01T12:40:25,2026-07-01T14:45:25,2.0,P1,Car
BMK4,2026-07-01T12:38:03,2026-07-01T14:37:03,2.0,B2,Car
BMK3408,2026-07-01T06:39:01,2026-07-01T07:58:01,2.0,B2,Car
SWJ7769,2026-07-01T14:22:38,2026-07-01T16:45:38,2.0,P1,Car
VCC5110,2026-07-01T19:29:30,2026-07-01T19:37:30,0.0,P1,Car
VBA8460,2026-07-01T15:16:30,2026-07-01T17:36:30,2.0,P1,Car
WB444,2026-07-01T17:09:44,2026-07-01T18:38:44,2.0,B2,Car
JHG8494,2026-07-01T19:44:54,2026-07-01T21:19:54,2.0,P3,Car
WB5402,2026-07-01T12:34:49,2026-07-01T14:54:49,2.0,P2,Motorcycle
PLT6565,2026-07-01T16:54:12,2026-07-01T17:02:12,0.0,P2,Car
JHG7738,2026-07-01T10:01:01,2026-07-01T11:45:01,2.0,P3,Car
SWJ5975,2026-07-01T10:28:51,2026-07-01T10:36:51,0.0,P1,Car
VCC9999,2026-07-01T16:21:13,2026-07-01T18:48:13,2.0,P1,Car
BMK6366,2026-07-01T15:41:05,2026-07-01T17:03:05,2.0,P2,Car
BMK6486,2026-07-01T16:40:21,2026-07-01T17:52:21,2.0,B1,Car
VBA452,2026-07-01T13:10:10,2026-07-01T14:36:10,2.0,P2,Motorcycle
JKL7772,2026-07-01T18:09:39,2026-07-01T19:02:39,2.0,P3,Car
BMK8628,2026-07-01T11:00:51,2026-07-01T12:41:51,2.0,P2,Car
WXY4127,2026-07-01T15:55:13,2026-07-01T17:41:13,2.0,P2,Car
WB6866,2026-07-01T08:20:16,2026-07-01T10:09:16,2.0,P2,Car
JKL8467,2026-07-01T16:29:42,2026-07-01T17:51:42,2.0,B1,Motorcycle
VCC3001,2026-07-01T14:32:01,2026-07-01T16:45:01,2.0,B2,Car
JKL1972,2026-07-01T13:09:30,2026-07-01T14:28:30,2.0,B2,Car
BMK9180,2026-07-01T11:35:30,2026-07-01T14:24:30,2.0,P1,Car
VCC9204,2026-07-01T13:06:32,2026-07-01T15:11:32,2.0,P1,Car
WB3268,2026-07-01T09:32:38,2026-07-01T11:48:38,2.0,P3,Car
WB4254,2026-07-01T07:32:15,2026-07-01T09:16:15,2.0,B2,Car
VCC5178,2026-07-01T14:07:25,2026-07-01T15:31:25,2.0,P1,Car
BMK2531,2026-07-01T11:19:50,2026-07-01T13:25:50,2.0,P3,Car
BMK6526,2026-07-01T13:29:14,2026-07-01T15:48:14,2.0,B1,Car
WA8448,2026-07-01T19:10:45,2026-07-01T20:53:45,2.0,B1,Car
SWJ320,2026-07-01T10:05:46,2026-07-01T12:19:46,2.0,P3,Motorcycle
WB4841,2026-07-01T08:24:21,2026-07-01T10:36:21,2.0,B2,Car
BMK1378,2026-07-01T18:14:56,2026-07-01T21:24:56,2.42,P3,Car
VBA6919,2026-07-01T18:17:48,2026-07-01T20:30:48,2.0,P3,Car
SWJ1466,2026-07-01T17:36:31,2026-07-01T21:05:31,3.21,P3,Car
JHG276,2026-07-01T14:57:04,2026-07-01T16:13:04,2.0,P1,Car
BMK7435,2026-07-01T18:04:16,2026-07-01T20:48:16,2.0,P1,Car
JKL2118,2026-07-01T16:58:17,2026-07-01T18:45:17,2.0,P1,Motorcycle
WXY2968,2026-07-01T11:10:16,2026-07-01T11:18:16,0.0,P2,Car
VCC8194,2026-07-01T10:13:18,2026-07-01T11:14:18,2.0,P2,Car
WXY303,2026-07-01T13:16:02,2026-07-01T15:14:02,2.0,B2,Motorcycle
VCC1742,2026-07-01T17:15:59,2026-07-01T18:55:59,2.0,B1,Car
PLT3762,2026-07-01T07:32:19,2026-07-01T08:49:19,2.0,P3,Car
WA5695,2026-07-01T15:40:08,2026-07-01T16:15:08,2.0,P1,Car
WA2675,2026-07-01T17:56:16,2026-07-01T19:52:16,2.0,P1,Car
JHG9811,2026-07-01T11:32:42,2026-07-01T12:35:42,2.0,P2,Car
WXY4313,2026-07-01T15:17:28,2026-07-01T17:16:28,2.0,P3,Car
JHG3570,2026-07-01T17:15:02,2026-07-01T18:53:02,2.0,P3,Car
WB3293,2026-07-01T16:30:17,2026-07-01T18:20:17,2.0,P2,Motorcycle
VBA6546,2026-07-01T13:52:05,2026-07-01T15:18:05,2.0,B2,Car
BMK9595,2026-07-01T11:40:14,2026-07-01T13:58:14,2.0,B2,Car
WA5344,2026-07-01T10:56:38,2026-07-01T11:33:38,2.0,B1,Car
WB7033,2026-07-01T12:09:02,2026-07-01T15:13:02,2.17,B2,Car
WXY9570,2026-07-01T18:36:53,2026-07-01T19:36:53,2.0,P2,Car
WA7396,2026-07-01T15:23:06,2026-07-01T17:18:06,2.0,B2,Car
VCC4322,2026-07-01T10:43:15,2026-07-01T11:37:15,2.0,P1,Car
WB1507,2026-07-01T15:32:57,2026-07-01T15:54:57,2.0,B2,Car
JHG3847,2026-07-01T13:51:04,2026-07-01T14:38:04,2.0,P2,Car
WA1258,2026-07-01T12:31:54,2026-07-01T12:39:54,0.0,B1,Car
BMK9826,2026-07-01T13:41:12,2026-07-01T14:15:12,2.0,P2,Car
JKL2187,2026-07-01T13:19:39,2026-07-01T16:39:39,2.83,P1,Car
PLT8022,2026-07-01T15:43:06,2026-07-01T17:49:06,2.0,P3,Motorcycle
WB3265,2026-07-01T12:49:07,2026-07-01T15:39:07,2.0,P3,Car
WB7364,2026-07-01T14:29:04,2026-07-01T16:14:04,2.0,P3,Car
JKL1480,2026-07-01T15:13:04,2026-07-01T19:11:04,4.42,P2,Motorcycle
WB4581,2026-07-01T13:38:52,2026-07-01T16:19:52,2.0,P1,Car
WXY2607,2026-07-01T14:31:25,2026-07-01T18:17:25,3.92,P1,Car
WA5636,2026-07-01T12:46:09,2026-07-01T13:45:09,2.0,B1,Car
SWJ6526,2026-07-01T15:20:48,2026-07-01T17:43:48,2.0,P1,Car
SWJ1065,2026-07-01T11:18:16,2026-07-01T11:26:16,0.0,B1,Car
WA4509,2026-07-01T17:23:59,2026-07-01T19:12:59,2.0,P1,Car
VBA4085,2026-07-01T18:18:40,2026-07-01T21:10:40,2.0,P3,Car
WA476,2026-07-01T11:23:50,2026-07-01T13:10:50,2.0,B1,Motorcycle
WA7387,2026-07-01T08:03:59,2026-07-01T09:26:59,2.0,B2,Car
WB2086,2026-07-01T11:03:58,2026-07-01T12:17:58,2.0,P2,Car
JHG6656,2026-07-01T11:16:47,2026-07-01T13:28:47,2.0,P2,Car
VBA1232,2026-07-01T08:07:10,2026-07-01T10:05:10,2.0,P2,Motorcycle
SWJ7373,2026-07-01T16:14:28,2026-07-01T17:28:28,2.0,B1,Car
WB1493,2026-07-01T11:11:21,2026-07-01T12:48:21,2.0,P3,Car
WXY6764,2026-07-01T09:12:56,2026-07-01T12:15:56,2.12,B1,Car
WXY8162,2026-07-01T13:17:21,2026-07-01T14:29:21,2.0,P3,Motorcycle
PLT1518,2026-07-01T15:32:33,2026-07-01T17:16:33,2.0,P3,Car
WXY2085,2026-07-01T10:27:19,2026-07-01T13:09:19,2.0,P1,Car
VCC3,2026-07-01T11:30:37,2026-07-01T11:38:37,0.0,P1,Car
VCC7356,2026-07-01T20:33:54,2026-07-01T21:29:54,2.0,P2,Car
VCC1393,2026-07-01T13:43:06,2026-07-01T16:04:06,2.0,B2,Car
WXY4978,2026-07-01T15:36:58,2026-07-01T17:26:58,2.0,P2,Car
BMK1153,2026-07-01T10:48:07,2026-07-01T12:27:07,2.0,P3,Motorcycle
JKL19,2026-07-01T15:16:14,2026-07-01T16:53:14,2.0,P1,Motorcycle
PLT7788,2026-07-01T12:20:41,2026-07-01T15:07:41,2.0,B2,Car
JHG907,2026-07-01T12:26:45,2026-07-01T14:12:45,2.0,P1,Car
JHG3733,2026-07-01T08:26:05,2026-07-01T10:16:05,2.0,B1,Car
WA5937,2026-07-01T13:21:45,2026-07-01T15:25:45,2.0,B1,Car
BMK3363,2026-07-01T16:54:32,2026-07-01T18:45:32,2.0,B1,Car
PLT4343,2026-07-01T11:14:29,2026-07-01T14:38:29,3.0,P3,Car
PLT7948,2026-07-01T17:11:57,2026-07-01T18:41:57,2.0,B1,Car
PLT388,2026-07-01T15:25:03,2026-07-01T17:05:03,2.0,B2,Car
VCC5148,2026-07-01T09:11:25,2026-07-01T11:44:25,2.0,P1,Car
WB7662,2026-07-01T16:11:41,2026-07-01T17:40:41,2.0,P1,Car
VCC2774,2026-07-01T11:23:21,2026-07-01T12:26:21,2.0,P1,Car
BMK9194,2026-07-01T14:26:56,2026-07-01T16:26:56,2.0,P2,Car
WA1438,2026-07-01T09:52:51,2026-07-01T13:02:51,2.42,P1,Car
SWJ5968,2026-07-01T14:28:12,2026-07-01T17:22:12,2.0,B1,Car
WA667,2026-07-01T11:40:49,2026-07-01T12:59:49,2.0,B1,Car
PLT1030,2026-07-01T07:03:16,2026-07-01T09:15:16,2.0,B2,Car
JHG5186,2026-07-01T11:39:02,2026-07-01T14:06:02,2.0,P3,Car
BMK398,2026-07-01T18:58:51,2026-07-01T20:50:51,2.0,P2,Car
JHG7045,2026-07-01T06:49:24,2026-07-01T09:00:24,2.0,B1,Car
JHG2480,2026-07-01T15:51:59,2026-07-01T17:25:59,2.0,B2,Car
JKL1295,2026-07-01T12:23:50,2026-07-01T14:55:50,2.0,B2,Car
WXY7893,2026-07-01T12:26:04,2026-07-01T14:36:04,2.0,B2,Motorcycle
BMK4340,2026-07-01T09:56:06,2026-07-01T14:02:06,4.75,B2,Car
VBA3838,2026-07-01T14:45:28,2026-07-01T17:30:28,2.0,P2,Car
WB1986,2026-07-01T06:15:47,2026-07-01T08:33:47,2.0,P3,Car
JHG3264,2026-07-01T13:16:47,2026-07-01T15:48:47,2.0,B1,Car
JKL3085,2026-07-01T14:18:56,2026-07-01T16:45:56,2.0,P3,Car
PLT1648,2026-07-01T06:32:33,2026-07-01T10:06:33,3.42,B1,Car
VCC6126,2026-07-01T16:52:14,2026-07-01T19:19:14,2.0,P1,Car
JKL3182,2026-07-01T13:38:52,2026-07-01T15:45:52,2.0,P1,Car
WXY1734,2026-07-01T11:38:16,2026-07-01T13:25:16,2.0,B2,Motorcycle
WXY3342,2026-07-01T12:21:09,2026-07-01T14:23:09,2.0,P3,Car
WXY5362,2026-07-01T09:13:52,2026-07-01T10:16:52,2.0,B1,Car
VCC8980,2026-07-01T14:13:02,2026-07-01T16:46:02,2.0,B1,Car
VBA8750,2026-07-01T08:42:35,2026-07-01T11:25:35,2.0,P1,Car
JHG6846,2026-07-01T11:18:42,2026-07-01T13:34:42,2.0,P1,Car
WXY5961,2026-07-01T13:26:26,2026-07-01T13:34:26,0.0,P2,Car
VBA6943,2026-07-01T13:00:27,2026-07-01T14:13:27,2.0,P1,Car
VBA2130,2026-07-01T07:29:49,2026-07-01T10:22:49,2.0,P1,Car
BMK9386,2026-07-01T09:58:25,2026-07-01T11:22:25,2.0,B2,Car
VBA8539,2026-07-01T13:22:18,2026-07-01T14:38:18,2.0,P2,Car
PLT4942,2026-07-01T16:51:50,2026-07-01T19:21:50,2.0,P2,Car
WA1414,2026-07-01T17:03:38,2026-07-01T18:43:38,2.0,B2,Car
JKL3214,2026-07-01T09:39:25,2026-07-01T10:05:25,2.0,B1,Car
WA5886,2026-07-01T12:33:10,2026-07-01T14:16:10,2.0,P1,Car
WXY9214,2026-07-01T13:57:12,2026-07-01T17:15:12,2.75,P1,Car
JHG6883,2026-07-01T16:35:54,2026-07-01T19:15:54,2.0,P3,Motorcycle
WB7182,2026-07-01T13:23:28,2026-07-01T16:07:28,2.0,P2,Car
VCC7509,2026-07-01T22:29:15,2026-07-02T00:22:15,2.0,P2,Car
SWJ1503,2026-07-01T12:22:27,2026-07-01T14:24:27,2.0,B1,Motorcycle
BMK5141,2026-07-01T12:40:08,2026-07-01T14:28:08,2.0,B2,Car
VBA424,2026-07-01T17:24:41,2026-07-01T19:35:41,2.0,P1,Motorcycle
VCC4717,2026-07-01T12:12:08,2026-07-01T12:21:08,0.0,P2,Car
VBA5306,2026-07-01T16:48:16,2026-07-01T18:58:16,2.0,B2,Car
VCC3414,2026-07-01T16:16:32,2026-07-01T17:31:32,2.0,B2,Car
PLT2984,2026-07-01T11:23:02,2026-07-01T12:46:02,2.0,B1,Car
WA2765,2026-07-01T11:20:57,2026-07-01T12:36:57,2.0,P3,Car
VCC9097,2026-07-01T13:54:23,2026-07-01T15:26:23,2.0,B2,Motorcycle
WA6087,2026-07-01T10:16:34,2026-07-01T10:24:34,0.0,P3,Car
BMK7247,2026-07-01T17:23:21,2026-07-01T19:08:21,2.0,P2,Car
WB4156,2026-07-01T07:18:52,2026-07-01T07:36:52,2.0,P3,Motorcycle
WXY3632,2026-07-01T19:46:00,2026-07-01T20:45:00,2.0,P2,Car
WXY2164,2026-07-01T10:32:23,2026-07-01T11:43:23,2.0,B1,Car
JKL5816,2026-07-01T12:03:00,2026-07-01T13:42:00,2.0,P3,Car
JHG9652,2026-07-01T09:26:37,2026-07-01T11:06:37,2.0,P2,Car
WXY3991,2026-07-01T09:10:08,2026-07-01T12:16:08,2.25,P2,Car
JHG6586,2026-07-01T17:55:42,2026-07-01T20:29:42,2.0,P3,Car
JKL9478,2026-07-01T19:57:22,2026-07-01T22:22:22,2.0,B1,Motorcycle
WXY721,2026-07-01T18:15:10,2026-07-01T19:30:10,2.0,P1,Motorcycle
BMK203,2026-07-01T15:10:03,2026-07-01T17:05:03,2.0,B2,Motorcycle
WB9963,2026-07-01T12:26:12,2026-07-01T13:45:12,2.0,B2,Car
JHG795,2026-07-01T14:19:04,2026-07-01T15:37:04,2.0,B1,Motorcycle
VCC1319,2026-07-01T19:47:58,2026-07-01T21:41:58,2.0,B1,Car
WXY2020,2026-07-01T13:14:41,2026-07-01T15:29:41,2.0,P3,Car
WA8573,2026-07-01T12:35:43,2026-07-01T13:42:43,2.0,P3,Car
WB250,2026-07-01T08:13:05,2026-07-01T08:21:05,0.0,P2,Car
SWJ3145,2026-07-01T18:12:10,2026-07-01T19:02:10,2.0,B1,Car
WB7693,2026-07-01T10:54:40,2026-07-01T12:12:40,2.0,B1,Motorcycle
PLT9345,2026-07-01T11:27:46,2026-07-01T11:35:46,0.0,P3,Car
VBA2370,2026-07-01T10:36:58,2026-07-01T13:11:58,2.0,P1,Car
VBA471,2026-07-01T16:10:22,2026-07-01T18:49:22,2.0,P1,Car
BMK765,2026-07-01T16:02:44,2026-07-01T18:52:44,2.0,P1,Motorcycle
BMK6289,2026-07-01T13:52:34,2026-07-01T15:05:34,2.0,P1,Car
BMK4709,2026-07-01T13:02:54,2026-07-01T15:17:54,2.0,B1,Car
JHG5229,2026-07-01T17:41:13,2026-07-01T20:43:13,2.08,P3,Car
WXY6030,2026-07-01T13:59:18,2026-07-01T16:40:18,2.0,P3,Motorcycle
WXY6766,2026-07-01T07:39:47,2026-07-01T09:26:47,2.0,P1,Car
WXY8813,2026-07-01T12:30:45,2026-07-01T14:17:45,2.0,B2,Car
JHG2792,2026-07-01T12:36:52,2026-07-01T12:45:52,0.0,B1,Car
WXY5699,2026-07-01T10:48:03,2026-07-01T12:31:03,2.0,B1,Car
JKL5689,2026-07-01T07:11:31,2026-07-01T09:06:31,2.0,B2,Car
PLT8165,2026-07-01T11:52:13,2026-07-01T13:26:13,2.0,P2,Car
WB1714,2026-07-01T18:31:50,2026-07-01T19:45:50,2.0,P3,Car
BMK6917,2026-07-01T19:57:56,2026-07-01T22:58:56,2.04,P1,Car
WB2804,2026-07-01T14:57:34,2026-07-01T17:28:34,2.0,B1,Car
JKL556,2026-07-01T15:38:48,2026-07-01T17:18:48,2.0,P3,Motorcycle
WB5298,2026-07-01T12:53:28,2026-07-01T15:11:28,2.0,P2,Car
VBA5474,2026-07-01T08:37:14,2026-07-01T11:02:14,2.0,B1,Car
JKL2533,2026-07-01T10:48:45,2026-07-01T12:35:45,2.0,P2,Car
PLT5376,2026-07-01T12:22:10,2026-07-01T12:58:10,2.0,P2,Car
BMK3202,2026-07-01T18:06:10,2026-07-01T19:42:10,2.0,B1,Car
WA4487,2026-07-01T19:46:19,2026-07-01T21:26:19,2.0,P2,Car
WA7601,2026-07-01T12:13:56,2026-07-01T13:43:56,2.0,P1,Car
WB4854,2026-07-01T08:44:14,2026-07-01T11:31:14,2.0,B1,Car
PLT7046,2026-07-01T16:25:00,2026-07-01T19:13:00,2.0,B2,Motorcycle
JKL3746,2026-07-01T13:14:42,2026-07-01T14:06:42,2.0,P2,Car
BMK6875,2026-07-01T10:40:44,2026-07-01T12:43:44,2.0,P2,Car
WA7910,2026-07-01T12:16:54,2026-07-01T12:50:54,2.0,B1,Car
VBA5375,2026-07-01T11:43:42,2026-07-01T12:53:42,2.0,P1,Car
JHG8903,2026-07-01T16:06:02,2026-07-01T16:14:02,0.0,P2,Car
SWJ1657,2026-07-01T11:12:33,2026-07-01T11:20:33,0.0,B2,Car
SWJ8548,2026-07-01T08:32:01,2026-07-01T09:59:01,2.0,P3,Car
WA8418,2026-07-01T13:43:11,2026-07-01T14:32:11,2.0,P1,Motorcycle
WA1008,2026-07-01T12:17:24,2026-07-01T14:21:24,2.0,P1,Car
SWJ9506,2026-07-01T10:44:43,2026-07-01T13:02:43,2.0,P3,Car
WA7572,2026-07-01T14:33:14,2026-07-01T17:52:14,2.79,P2,Car
PLT7687,2026-07-01T17:51:51,2026-07-01T20:50:51,2.0,B2,Car
WA7670,2026-07-01T14:42:40,2026-07-01T16:03:40,2.0,P3,Motorcycle
PLT4382,2026-07-01T10:30:22,2026-07-01T11:02:22,2.0,B1,Car
JHG5866,2026-07-01T18:30:00,2026-07-01T20:11:00,2.0,P2,Car
BMK5939,2026-07-01T11:39:40,2026-07-01T14:26:40,2.0,P2,Car
SWJ2301,2026-07-01T14:52:36,2026-07-01T16:27:36,2.0,B2,Car
BMK4801,2026-07-01T13:00:13,2026-07-01T14:42:13,2.0,P3,Motorcycle
VCC5677,2026-07-01T14:14:11,2026-07-01T16:22:11,2.0,P2,Car
JKL1482,2026-07-01T18:10:39,2026-07-01T19:04:39,2.0,B2,Car
VCC1917,2026-07-01T15:33:05,2026-07-01T18:42:05,2.38,B2,Car
VCC9130,2026-07-01T13:08:30,2026-07-01T15:38:30,2.0,P1,Car
VCC2698,2026-07-01T11:31:15,2026-07-01T13:27:15,2.0,B2,Motorcycle
VCC9218,2026-07-01T13:53:20,2026-07-01T15:38:20,2.0,B1,Car
BMK2958,2026-07-01T15:26:43,2026-07-01T16:31:43,2.0,P3,Car
SWJ1540,2026-07-01T14:47:59,2026-07-01T16:39:59,2.0,B2,Car
WA2080,2026-07-01T06:02:13,2026-07-01T08:03:13,2.0,P3,Car
WB9079,2026-07-01T15:30:49,2026-07-01T16:39:49,2.0,P2,Car
JHG4799,2026-07-01T10:35:03,2026-07-01T12:47:03,2.0,P3,Car
WB5650,2026-07-01T10:17:55,2026-07-01T12:44:55,2.0,P2,Car
JHG2091,2026-07-01T14:20:45,2026-07-01T15:22:45,2.0,B2,Car
WA8936,2026-07-01T13:46:35,2026-07-01T15:20:35,2.0,B2,Car
VCC9973,2026-07-01T12:02:12,2026-07-01T14:07:12,2.0,P1,Motorcycle
JKL1360,2026-07-01T17:39:09,2026-07-01T18:48:09,2.0,P2,Car
BMK2971,2026-07-01T11:48:11,2026-07-01T12:45:11,2.0,P1,Car
SWJ2273,2026-07-01T14:41:00,2026-07-01T14:49:00,0.0,P3,Motorcycle
WXY5218,2026-07-01T11:11:26,2026-07-01T11:19:26,0.0,P1,Car
VCC9299,2026-07-01T09:58:03,2026-07-01T11:18:03,2.0,B2,Car
WA7315,2026-07-01T15:26:36,2026-07-01T15:51:36,2.0,P1,Car
VCC6758,2026-07-01T11:42:09,2026-07-01T12:25:09,2.0,B2,Car
WXY6996,2026-07-01T16:57:09,2026-07-01T19:17:09,2.0,P1,Car
PLT1989,2026-07-01T12:54:05,2026-07-01T14:18:05,2.0,P2,Car
VBA822,2026-07-01T18:15:28,2026-07-01T20:14:28,2.0,P3,Car
VCC7547,2026-07-01T13:40:35,2026-07-01T15:07:35,2.0,P3,Car
JKL1306,2026-07-01T13:00:56,2026-07-01T14:41:56,2.0,B1,Car
VCC9978,2026-07-01T11:55:53,2026-07-01T14:53:53,2.0,P1,Car
VBA2375,2026-07-01T10:28:30,2026-07-01T13:11:30,2.0,P1,Car
VCC4457,2026-06-30T11:24:49,2026-06-30T12:32:49,2.0,B2,Car
JKL5441,2026-06-30T13:41:45,2026-06-30T15:49:45,2.0,B2,Car
WA4033,2026-06-30T15:19:37,2026-06-30T16:03:37,2.0,B1,Car
VCC4642,2026-06-30T11:57:14,2026-06-30T12:38:14,2.0,P1,Car
WXY4728,2026-06-30T13:37:58,2026-06-30T16:24:58,2.0,P2,Motorcycle
WB8192,2026-06-30T18:51:51,2026-06-30T22:40:51,4.04,P3,Motorcycle
PLT3835,2026-06-30T16:51:24,2026-06-30T19:16:24,2.0,P3,Motorcycle
JHG9608,2026-06-30T16:45:13,2026-06-30T18:54:13,2.0,P1,Car
BMK3816,2026-06-30T12:51:22,2026-06-30T14:46:22,2.0,B1,Motorcycle
SWJ7809,2026-06-30T11:53:33,2026-06-30T13:37:33,2.0,B2,Motorcycle
JHG5945,2026-06-30T14:05:11,2026-06-30T16:31:11,2.0,B2,Motorcycle
PLT731,2026-06-30T09:54:09,2026-06-30T12:58:09,2.17,B1,Car
BMK2559,2026-06-30T15:29:50,2026-06-30T16:39:50,2.0,P3,Motorcycle
BMK551,2026-06-30T16:38:01,2026-06-30T18:36:01,2.0,P2,Motorcycle
JHG6979,2026-06-30T09:16:59,2026-06-30T11:12:59,2.0,P1,Car
WXY5552,2026-06-30T14:08:16,2026-06-30T14:16:16,0.0,P2,Car
SWJ7509,2026-06-30T12:02:35,2026-06-30T14:01:35,2.0,B1,Car
BMK4214,2026-06-30T16:59:07,2026-06-30T17:49:07,2.0,P3,Motorcycle
WB6441,2026-06-30T13:58:42,2026-06-30T16:11:42,2.0,P2,Car
PLT2821,2026-06-30T15:15:46,2026-06-30T16:22:46,2.0,P1,Car
WXY771,2026-06-30T14:35:57,2026-06-30T16:18:57,2.0,P3,Motorcycle
BMK2373,2026-06-30T12:30:03,2026-06-30T13:03:03,2.0,P3,Car
JKL7230,2026-06-30T17:19:37,2026-06-30T18:38:37,2.0,P1,Car
VCC6221,2026-06-30T12:07:23,2026-06-30T14:34:23,2.0,P2,Car
WXY7667,2026-06-30T13:43:57,2026-06-30T16:03:57,2.0,P2,Car
JKL6113,2026-06-30T16:04:59,2026-06-30T19:20:59,2.67,P2,Car
WXY1232,2026-06-30T20:24:53,2026-06-30T21:41:53,2.0,B1,Car
SWJ2340,2026-06-30T12:07:40,2026-06-30T14:33:40,2.0,P3,Car
VBA7193,2026-06-30T13:28:35,2026-06-30T14:43:35,2.0,P2,Car
JKL4859,2026-06-30T11:01:17,2026-06-30T13:11:17,2.0,P3,Car
VCC1871,2026-06-30T13:29:57,2026-06-30T15:45:57,2.0,P2,Motorcycle
PLT9175,2026-06-30T19:42:59,2026-06-30T22:12:59,2.0,B1,Car
JHG3911,2026-06-30T17:23:27,2026-06-30T20:15:27,2.0,P2,Car
JHG2366,2026-06-30T10:10:03,2026-06-30T12:36:03,2.0,P1,Car
WXY8628,2026-06-30T14:08:28,2026-06-30T15:10:28,2.0,P3,Car
JHG9361,2026-06-30T12:26:13,2026-06-30T14:28:13,2.0,P2,Car
VBA3223,2026-06-30T15:14:45,2026-06-30T16:08:45,2.0,B2,Car
JHG2873,2026-06-30T16:46:31,2026-06-30T16:54:31,0.0,P2,Car
JKL5047,2026-06-30T09:51:12,2026-06-30T10:44:12,2.0,P2,Car
WXY8495,2026-06-30T18:26:53,2026-06-30T20:51:53,2.0,P3,Car
WXY6710,2026-06-30T12:31:05,2026-06-30T15:37:05,2.25,B1,Car
SWJ601,2026-06-30T15:11:36,2026-06-30T16:29:36,2.0,P2,Car
VCC8449,2026-06-30T07:22:33,2026-06-30T08:22:33,2.0,P1,Car
SWJ6249,2026-06-30T12:53:55,2026-06-30T15:15:55,2.0,B2,Car
VCC8411,2026-06-30T13:46:31,2026-06-30T16:01:31,2.0,P1,Motorcycle
PLT2989,2026-06-30T14:15:05,2026-06-30T15:37:05,2.0,P2,Car
BMK3197,2026-06-30T11:01:01,2026-06-30T13:55:01,2.0,P3,Car
PLT7278,2026-06-30T15:29:33,2026-06-30T16:12:33,2.0,P1,Car
BMK7617,2026-06-30T16:02:17,2026-06-30T16:48:17,2.0,B1,Motorcycle
WA2244,2026-06-30T10:07:07,2026-06-30T11:56:07,2.0,B2,Motorcycle
VCC6499,2026-06-30T13:42:36,2026-06-30T16:11:36,2.0,P2,Car
JKL8612,2026-06-30T16:26:38,2026-06-30T17:55:38,2.0,P1,Car
WA3939,2026-06-30T14:23:21,2026-06-30T16:09:21,2.0,P3,Car
WA9193,2026-06-30T15:58:20,2026-06-30T16:48:20,2.0,P1,Car
PLT6917,2026-06-30T06:59:22,2026-06-30T08:33:22,2.0,P1,Car
PLT8271,2026-06-30T15:20:27,2026-06-30T17:32:27,2.0,P1,Car
VCC767,2026-06-30T18:49:59,2026-06-30T22:30:59,3.71,P1,Car
JKL4480,2026-06-30T16:58:43,2026-06-30T17:50:43,2.0,B2,Car
WA3878,2026-06-30T11:33:00,2026-06-30T12:54:00,2.0,P1,Car
WXY9737,2026-06-30T15:10:07,2026-06-30T17:33:07,2.0,B2,Car
VCC2031,2026-06-30T17:59:09,2026-06-30T20:26:09,2.0,B2,Car
JHG3988,2026-06-30T18:36:18,2026-06-30T19:05:18,2.0,P1,Motorcycle
PLT6335,2026-06-30T12:44:36,2026-06-30T15:32:36,2.0,P2,Motorcycle
JKL7830,2026-06-30T12:35:19,2026-06-30T13:25:19,2.0,B1,Car
WB6278,2026-06-30T16:12:32,2026-06-30T18:11:32,2.0,B2,Car
SWJ9121,2026-06-30T16:55:15,2026-06-30T18:48:15,2.0,P3,Car
WXY357,2026-06-30T12:13:18,2026-06-30T15:55:18,3.75,P2,Motorcycle
WXY8471,2026-06-30T19:28:42,2026-06-30T22:03:42,2.0,B1,Car
VBA6829,2026-06-30T10:33:14,2026-06-30T13:37:14,2.17,P3,Car
JHG8484,2026-06-30T14:39:54,2026-06-30T16:57:54,2.0,P1,Car
VBA6768,2026-06-30T12:40:58,2026-06-30T15:47:58,2.29,P1,Car
WA9371,2026-06-30T10:07:31,2026-06-30T12:34:31,2.0,P2,Car
BMK6219,2026-06-30T15:39:38,2026-06-30T16:52:38,2.0,B1,Car
WB9099,2026-06-30T12:22:25,2026-06-30T15:01:25,2.0,B2,Car
VCC6237,2026-06-30T13:47:54,2026-06-30T15:31:54,2.0,B1,Car
JKL6177,2026-06-30T14:09:27,2026-06-30T16:41:27,2.0,B2,Car
JKL3976,2026-06-30T19:20:53,2026-06-30T22:14:53,2.0,P3,Car
WXY4204,2026-06-30T20:00:01,2026-06-30T21:29:01,2.0,B2,Car
JKL7163,2026-06-30T12:19:34,2026-06-30T15:13:34,2.0,B2,Motorcycle
WXY9744,2026-06-30T13:29:22,2026-06-30T14:21:22,2.0,P3,Car
BMK6710,2026-06-30T18:33:14,2026-06-30T19:56:14,2.0,P3,Motorcycle
PLT6902,2026-06-30T10:36:09,2026-06-30T13:07:09,2.0,B1,Car
WB1512,2026-06-30T09:37:21,2026-06-30T11:55:21,2.0,P2,Car
WB2877,2026-06-30T09:52:19,2026-06-30T14:00:19,4.83,P1,Car
WA2563,2026-06-30T11:32:56,2026-06-30T11:47:56,0.0,B2,Car
WA2989,2026-06-30T14:57:12,2026-06-30T16:12:12,2.0,P1,Motorcycle
WXY6741,2026-06-30T11:40:40,2026-06-30T12:59:40,2.0,P1,Car
JHG6514,2026-06-30T11:00:58,2026-06-30T14:08:58,2.33,P1,Motorcycle
WB9291,2026-06-30T14:11:31,2026-06-30T16:02:31,2.0,P3,Motorcycle
JKL1991,2026-06-30T11:12:26,2026-06-30T12:59:26,2.0,P2,Car
BMK2795,2026-06-30T09:01:06,2026-06-30T10:43:06,2.0,B2,Car
WXY205,2026-06-30T15:51:51,2026-06-30T16:33:51,2.0,B2,Car
WXY4369,2026-06-30T14:17:10,2026-06-30T16:38:10,2.0,P1,Motorcycle
WXY896,2026-06-30T15:39:24,2026-06-30T17:42:24,2.0,P2,Car
JKL3905,2026-06-30T06:28:03,2026-06-30T07:08:03,2.0,P2,Car
SWJ101,2026-06-30T20:54:11,2026-06-30T23:18:11,2.0,B1,Car
BMK3981,2026-06-30T11:56:31,2026-06-30T14:06:31,2.0,B1,Motorcycle
VCC368,2026-06-30T13:56:45,2026-06-30T16:32:45,2.0,P2,Car
JHG6489,2026-06-30T14:11:00,2026-06-30T16:46:00,2.0,B2,Car
WA1073,2026-06-30T16:24:21,2026-06-30T18:58:21,2.0,P1,Car
PLT7652,2026-06-30T14:15:24,2026-06-30T15:19:24,2.0,P3,Car
SWJ2555,2026-06-30T13:42:01,2026-06-30T15:46:01,2.0,P2,Car
VBA9093,2026-06-30T15:53:50,2026-06-30T18:06:50,2.0,B1,Car
SWJ3547,2026-06-30T16:10:23,2026-06-30T16:34:23,2.0,B1,Car
WB3350,2026-06-30T10:19:30,2026-06-30T11:16:30,2.0,P2,Car
VCC9627,2026-06-30T10:16:38,2026-06-30T10:24:38,0.0,P3,Motorcycle
BMK8406,2026-06-30T13:13:08,2026-06-30T16:18:08,2.21,P1,Motorcycle
WXY9301,2026-06-30T16:48:24,2026-06-30T17:26:24,2.0,P2,Car
PLT5260,2026-06-30T18:44:11,2026-06-30T20:42:11,2.0,P2,Car
JHG3160,2026-06-30T19:51:32,2026-06-30T22:31:32,2.0,P1,Car
WA4627,2026-06-30T15:52:45,2026-06-30T18:05:45,2.0,P3,Car
VBA4531,2026-06-30T15:40:56,2026-06-30T16:39:56,2.0,P2,Car
WA414,2026-06-30T09:44:22,2026-06-30T12:47:22,2.12,B1,Car
BMK2977,2026-06-30T16:57:40,2026-06-30T18:46:40,2.0,P3,Car
WXY6630,2026-06-30T12:14:45,2026-06-30T15:18:45,2.17,P1,Motorcycle
WA643,2026-06-30T14:19:09,2026-06-30T16:40:09,2.0,B2,Car
PLT9342,2026-06-30T08:36:53,2026-06-30T08:50:53,0.0,B1,Motorcycle
SWJ16,2026-06-30T13:43:36,2026-06-30T16:31:36,2.0,P1,Car
WXY4006,2026-06-30T18:37:38,2026-06-30T19:21:38,2.0,P1,Car
BMK6836,2026-06-30T14:58:22,2026-06-30T16:11:22,2.0,B1,Motorcycle
WA7251,2026-06-30T14:05:22,2026-06-30T15:15:22,2.0,P3,Motorcycle
VCC8334,2026-06-30T13:40:40,2026-06-30T13:48:40,0.0,P1,Car
VBA8021,2026-06-30T10:59:49,2026-06-30T13:17:49,2.0,P2,Car
VBA8953,2026-06-30T19:35:16,2026-06-30T20:54:16,2.0,P2,Car
SWJ5690,2026-06-30T11:03:10,2026-06-30T12:41:10,2.0,B1,Car
VCC7910,2026-06-30T14:08:43,2026-06-30T16:43:43,2.0,P2,Car
SWJ4905,2026-06-30T18:08:59,2026-06-30T20:01:59,2.0,P2,Car
BMK8983,2026-06-30T11:40:52,2026-06-30T13:08:52,2.0,B1,Car
WA3381,2026-06-30T12:29:53,2026-06-30T13:50:53,2.0,P1,Car
JHG4980,2026-06-30T17:02:03,2026-06-30T18:56:03,2.0,P2,Car
SWJ7293,2026-06-30T12:07:10,2026-06-30T12:59:10,2.0,B1,Motorcycle
WXY7677,2026-06-30T12:04:02,2026-06-30T14:19:02,2.0,B1,Car
JHG1783,2026-06-30T13:47:36,2026-06-30T14:47:36,2.0,B1,Car
SWJ1491,2026-06-30T07:20:00,2026-06-30T09:17:00,2.0,P3,Motorcycle
PLT1281,2026-06-30T17:16:41,2026-06-30T18:34:41,2.0,P2,Car
SWJ3044,2026-06-30T16:09:18,2026-06-30T18:07:18,2.0,B2,Car
JKL5353,2026-06-30T17:19:47,2026-06-30T20:01:47,2.0,B1,Car
VBA9030,2026-06-30T11:14:23,2026-06-30T12:22:23,2.0,P3,Car
WA829,2026-06-30T13:36:51,2026-06-30T15:41:51,2.0,P2,Car
JKL1315,2026-06-30T08:19:38,2026-06-30T10:50:38,2.0,P2,Car
WXY7201,2026-06-30T15:25:05,2026-06-30T18:05:05,2.0,B1,Car
JKL8377,2026-06-30T14:02:53,2026-06-30T16:44:53,2.0,B1,Car
WA5549,2026-06-30T12:32:45,2026-06-30T15:41:45,2.38,P1,Car
VBA6207,2026-06-30T21:11:57,2026-06-30T23:08:57,2.0,P3,Car
PLT7682,2026-06-30T09:22:36,2026-06-30T11:36:36,2.0,P1,Motorcycle
VBA6576,2026-06-30T11:34:58,2026-06-30T14:18:58,2.0,B2,Motorcycle
SWJ9981,2026-06-30T18:46:43,2026-06-30T21:25:43,2.0,P3,Motorcycle
VBA4904,2026-06-30T06:30:42,2026-06-30T07:21:42,2.0,P3,Motorcycle
VCC1397,2026-06-30T14:12:14,2026-06-30T15:53:14,2.0,P2,Motorcycle
WB3937,2026-06-30T10:26:23,2026-06-30T13:08:23,2.0,B2,Car
PLT8981,2026-06-30T12:11:56,2026-06-30T14:17:56,2.0,P1,Car
WB4122,2026-06-30T15:06:12,2026-06-30T16:23:12,2.0,B1,Car
BMK8409,2026-06-30T11:36:44,2026-06-30T13:12:44,2.0,B2,Motorcycle
VCC2201,2026-06-30T16:04:51,2026-06-30T18:21:51,2.0,B2,Motorcycle
WB1673,2026-06-30T07:07:40,2026-06-30T08:52:40,2.0,B1,Car
VCC1526,2026-06-30T06:12:36,2026-06-30T07:22:36,2.0,P2,Car
SWJ684,2026-06-30T13:15:03,2026-06-30T14:46:03,2.0,P1,Motorcycle
VBA6980,2026-06-30T16:07:45,2026-06-30T17:40:45,2.0,P1,Motorcycle
SWJ2753,2026-06-30T15:07:58,2026-06-30T16:54:58,2.0,P3,Car
JHG2011,2026-06-30T15:00:52,2026-06-30T15:25:52,2.0,P2,Car
VCC713,2026-06-30T09:22:46,2026-06-30T11:06:46,2.0,B2,Car
BMK560,2026-06-30T16:51:38,2026-06-30T19:21:38,2.0,P2,Car
JKL7207,2026-06-30T10:01:53,2026-06-30T12:58:53,2.0,P1,Car
VBA9081,2026-06-30T12:16:11,2026-06-30T14:07:11,2.0,P3,Car
JHG7276,2026-06-30T15:16:34,2026-06-30T16:03:34,2.0,P1,Car
WXY581,2026-06-30T12:32:30,2026-06-30T14:48:30,2.0,P1,Car
VCC2594,2026-06-30T10:38:25,2026-06-30T11:33:25,2.0,B1,Car
SWJ5395,2026-06-30T14:33:04,2026-06-30T18:40:04,4.79,B2,Car
PLT2781,2026-06-30T12:39:02,2026-06-30T14:56:02,2.0,P3,Car
SWJ99,2026-06-30T11:59:22,2026-06-30T14:42:22,2.0,P3,Motorcycle
JKL744,2026-06-30T11:15:29,2026-06-30T13:09:29,2.0,P2,Car
SWJ9322,2026-06-30T13:32:16,2026-06-30T16:05:16,2.0,B2,Motorcycle
WB1561,2026-06-30T11:44:02,2026-06-30T13:18:02,2.0,P2,Car
JHG3901,2026-06-30T10:23:50,2026-06-30T11:15:50,2.0,P2,Car
WB4018,2026-06-30T11:47:23,2026-06-30T15:05:23,2.75,P3,Motorcycle
SWJ7889,2026-06-30T12:45:21,2026-06-30T13:46:21,2.0,B2,Car
VBA3365,2026-06-30T18:22:09,2026-06-30T19:10:09,2.0,P1,Car
VBA9615,2026-06-30T10:49:19,2026-06-30T13:10:19,2.0,P1,Car
WB5579,2026-06-30T12:46:36,2026-06-30T15:20:36,2.0,P1,Car
JKL5792,2026-06-30T12:11:19,2026-06-30T13:49:19,2.0,B1,Car
BMK7939,2026-06-30T18:46:55,2026-06-30T20:20:55,2.0,P3,Car
VBA4392,2026-06-30T13:01:48,2026-06-30T15:32:48,2.0,P2,Car
JKL4631,2026-06-30T14:12:57,2026-06-30T16:56:57,2.0,B2,Car
WXY1300,2026-06-30T15:08:38,2026-06-30T18:22:38,2.58,P1,Motorcycle
WB246,2026-06-30T12:12:17,2026-06-30T14:27:17,2.0,P3,Car
VCC6641,2026-06-30T14:47:01,2026-06-30T17:24:01,2.0,B2,Car
BMK5481,2026-06-30T16:50:02,2026-06-30T20:17:02,3.13,B1,Motorcycle
WXY5192,2026-06-30T07:55:00,2026-06-30T11:02:00,2.29,B2,Car
SWJ2568,2026-06-30T17:46:53,2026-06-30T20:02:53,2.0,P1,Car
BMK5863,2026-06-30T14:49:53,2026-06-30T17:04:53,2.0,P3,Car
VBA9857,2026-06-30T10:55:35,2026-06-30T13:53:35,2.0,B2,Car
VCC519,2026-06-30T14:52:45,2026-06-30T17:57:45,2.21,P3,Motorcycle
WB8678,2026-06-30T16:17:23,2026-06-30T17:58:23,2.0,P3,Car
SWJ2468,2026-06-30T13:06:41,2026-06-30T16:06:41,2.0,P2,Car
VBA2003,2026-06-30T13:01:39,2026-06-30T14:27:39,2.0,P1,Motorcycle
JKL5991,2026-06-30T09:11:16,2026-06-30T11:00:16,2.0,P2,Car
WB476,2026-06-30T17:49:10,2026-06-30T18:20:10,2.0,P3,Car
SWJ6374,2026-06-30T07:13:40,2026-06-30T09:42:40,2.0,B1,Car
WXY1073,2026-06-30T10:06:42,2026-06-30T13:42:42,3.5,B1,Car
WA3672,2026-06-30T17:26:58,2026-06-30T19:42:58,2.0,P1,Car
SWJ3330,2026-06-30T18:15:14,2026-06-30T20:16:14,2.0,P3,Car
JKL2568,2026-06-30T11:31:13,2026-06-30T12:44:13,2.0,B1,Car
BMK5432,2026-06-30T15:19:18,2026-06-30T17:00:18,2.0,P1,Car
JKL9791,2026-06-30T15:20:43,2026-06-30T16:39:43,2.0,B1,Car
SWJ757,2026-06-30T07:13:54,2026-06-30T08:08:54,2.0,B1,Car
WXY1828,2026-06-30T11:59:19,2026-06-30T14:01:19,2.0,P2,Car
SWJ1599,2026-06-30T15:32:47,2026-06-30T17:56:47,2.0,P2,Car
WA5500,2026-06-30T12:21:41,2026-06-30T13:49:41,2.0,P1,Motorcycle
WXY2210,2026-06-30T14:44:00,2026-06-30T18:11:00,3.13,B2,Motorcycle
WXY792,2026-06-30T13:06:46,2026-06-30T15:53:46,2.0,P3,Car
WB7021,2026-06-30T14:31:08,2026-06-30T16:01:08,2.0,P1,Car
WB8204,2026-06-30T14:40:47,2026-06-30T17:37:47,2.0,P1,Motorcycle
SWJ3525,2026-06-30T11:58:04,2026-06-30T14:39:04,2.0,P2,Car
BMK708,2026-06-30T13:16:17,2026-06-30T15:39:17,2.0,P2,Motorcycle
WXY5337,2026-06-30T18:23:17,2026-06-30T20:41:17,2.0,P1,Car
JHG6542,2026-06-30T09:44:26,2026-06-30T11:15:26,2.0,B1,Car
WA6717,2026-06-30T10:09:24,2026-06-30T11:45:24,2.0,P2,Car
JKL6177,2026-06-30T13:16:44,2026-06-30T16:10:44,2.0,P2,Car
WXY812,2026-06-30T12:39:50,2026-06-30T14:08:50,2.0,B1,Motorcycle
SWJ7463,2026-06-30T11:35:42,2026-06-30T14:35:42,2.0,B2,Car
SWJ9705,2026-06-30T08:30:32,2026-06-30T10:33:32,2.0,B2,Car
SWJ1051,2026-06-29T16:55:24,2026-06-29T17:18:24,2.0,B1,Motorcycle
BMK8898,2026-06-29T13:52:20,2026-06-29T17:02:20,2.42,P2,Motorcycle
SWJ8554,2026-06-29T13:53:30,2026-06-29T15:00:30,2.0,B2,Car
WB5966,2026-06-29T06:04:59,2026-06-29T06:22:59,2.0,B2,Car
VBA2498,2026-06-29T07:15:43,2026-06-29T08:47:43,2.0,B1,Car
WXY5276,2026-06-29T09:57:41,2026-06-29T10:27:41,2.0,B1,Car
VBA4121,2026-06-29T16:07:26,2026-06-29T16:28:26,2.0,B1,Car
JHG7419,2026-06-29T10:33:33,2026-06-29T13:23:33,2.0,P1,Car
VCC7838,2026-06-29T06:44:07,2026-06-29T10:28:07,3.83,P2,Motorcycle
WB3894,2026-06-29T16:23:31,2026-06-29T19:20:31,2.0,B2,Car
WB3291,2026-06-29T07:16:01,2026-06-29T08:51:01,2.0,P1,Motorcycle
WB4499,2026-06-29T13:19:45,2026-06-29T16:22:45,2.12,P3,Car
VCC1456,2026-06-29T13:05:33,2026-06-29T16:39:33,3.42,P2,Car
SWJ720,2026-06-29T08:39:49,2026-06-29T11:14:49,2.0,B1,Car
WA9953,2026-06-29T10:18:26,2026-06-29T13:12:26,2.0,P3,Car
JKL3140,2026-06-29T13:08:59,2026-06-29T16:44:59,3.5,B2,Car
BMK7300,2026-06-29T15:55:04,2026-06-29T17:59:04,2.0,B1,Car
WXY1767,2026-06-29T09:57:41,2026-06-29T11:36:41,2.0,B2,Motorcycle
WA7760,2026-06-29T10:53:27,2026-06-29T12:57:27,2.0,P2,Car
WXY3808,2026-06-29T10:32:48,2026-06-29T12:45:48,2.0,P2,Car
SWJ6349,2026-06-29T06:18:35,2026-06-29T07:35:35,2.0,B1,Car
WXY1667,2026-06-29T18:36:52,2026-06-29T21:23:52,2.0,B1,Car
PLT5499,2026-06-29T14:29:03,2026-06-29T15:47:03,2.0,B1,Car
VBA6668,2026-06-29T08:53:37,2026-06-29T10:14:37,2.0,P1,Car
WB4501,2026-06-29T12:00:11,2026-06-29T14:22:11,2.0,B2,Car
JHG9105,2026-06-29T16:42:54,2026-06-29T19:00:54,2.0,B1,Motorcycle
PLT6230,2026-06-29T17:19:19,2026-06-29T18:14:19,2.0,B1,Motorcycle
WB6125,2026-06-29T13:03:13,2026-06-29T15:29:13,2.0,B1,Car
SWJ3282,2026-06-29T13:59:51,2026-06-29T15:19:51,2.0,B1,Motorcycle
BMK6700,2026-06-29T10:00:34,2026-06-29T10:33:34,2.0,B2,Car
PLT3431,2026-06-29T15:28:18,2026-06-29T17:26:18,2.0,B2,Motorcycle
PLT946,2026-06-29T06:28:13,2026-06-29T08:54:13,2.0,P2,Car
BMK9770,2026-06-29T14:08:55,2026-06-29T15:35:55,2.0,B1,Car
VBA8163,2026-06-29T18:47:51,2026-06-29T20:44:51,2.0,P2,Car
PLT8458,2026-06-29T14:10:09,2026-06-29T14:55:09,2.0,P1,Car
PLT4221,2026-06-29T18:03:26,2026-06-29T20:47:26,2.0,B1,Car
WXY2624,2026-06-29T14:44:08,2026-06-29T16:49:08,2.0,B1,Car
WB2523,2026-06-29T13:51:20,2026-06-29T13:59:20,0.0,P3,Car
PLT6415,2026-06-29T10:09:51,2026-06-29T13:33:51,3.0,P1,Car
WB1534,2026-06-29T10:14:41,2026-06-29T12:57:41,2.0,P2,Car
WA1874,2026-06-29T14:21:43,2026-06-29T16:39:43,2.0,P1,Car
WB1195,2026-06-29T18:41:33,2026-06-29T21:57:33,2.67,P3,Car
BMK3286,2026-06-29T10:31:56,2026-06-29T13:35:56,2.17,B1,Car
BMK3299,2026-06-29T16:34:48,2026-06-29T17:28:48,2.0,P2,Car
PLT9483,2026-06-29T12:54:57,2026-06-29T16:39:57,3.88,P3,Car
PLT2494,2026-06-29T12:00:22,2026-06-29T13:37:22,2.0,P3,Car
SWJ5965,2026-06-29T14:30:15,2026-06-29T17:05:15,2.0,P2,Car
WB7455,2026-06-29T14:04:46,2026-06-29T15:09:46,2.0,P1,Motorcycle
WXY553,2026-06-29T14:25:29,2026-06-29T16:36:29,2.0,P1,Motorcycle
WA9470,2026-06-29T10:44:08,2026-06-29T12:06:08,2.0,P3,Car
VBA1476,2026-06-29T10:10:23,2026-06-29T12:57:23,2.0,P3,Car
VBA4281,2026-06-29T17:30:19,2026-06-29T17:46:19,2.0,P1,Car
WB8865,2026-06-29T14:31:17,2026-06-29T16:02:17,2.0,P1,Car
WB4199,2026-06-29T11:34:02,2026-06-29T13:30:02,2.0,P3,Car
PLT8763,2026-06-29T12:08:58,2026-06-29T15:06:58,2.0,B2,Car
JKL3456,2026-06-29T13:03:31,2026-06-29T14:46:31,2.0,P2,Car
WA6444,2026-06-29T13:16:01,2026-06-29T14:34:01,2.0,B2,Motorcycle
JKL3566,2026-06-29T16:07:05,2026-06-29T18:42:05,2.0,P2,Car
WXY4027,2026-06-29T08:45:52,2026-06-29T09:40:52,2.0,P1,Motorcycle
VBA4975,2026-06-29T12:13:39,2026-06-29T14:24:39,2.0,P3,Car
WXY5202,2026-06-29T14:58:11,2026-06-29T15:51:11,2.0,B1,Car
WB2739,2026-06-29T19:09:46,2026-06-29T21:18:46,2.0,P2,Car
SWJ1096,2026-06-29T13:59:14,2026-06-29T15:12:14,2.0,P1,Car
BMK9888,2026-06-29T17:21:58,2026-06-29T19:26:58,2.0,P1,Car
WA1514,2026-06-29T14:23:50,2026-06-29T15:59:50,2.0,P3,Motorcycle
VCC2211,2026-06-29T17:43:49,2026-06-29T21:34:49,4.12,P3,Car
JKL2699,2026-06-29T17:53:50,2026-06-29T18:51:50,2.0,B1,Car
JHG9726,2026-06-29T16:55:32,2026-06-29T17:19:32,2.0,B2,Car
PLT3934,2026-06-29T18:51:16,2026-06-29T21:20:16,2.0,P2,Motorcycle
WXY6423,2026-06-29T11:31:36,2026-06-29T13:31:36,2.0,B1,Car
SWJ9747,2026-06-29T14:05:14,2026-06-29T15:05:14,2.0,B1,Car
VCC6860,2026-06-29T17:01:07,2026-06-29T18:52:07,2.0,B1,Motorcycle
BMK5796,2026-06-29T12:34:13,2026-06-29T14:53:13,2.0,B1,Car
VBA7243,2026-06-29T11:05:17,2026-06-29T12:23:17,2.0,B1,Motorcycle
WXY6155,2026-06-29T14:43:40,2026-06-29T16:06:40,2.0,P2,Car
PLT5760,2026-06-29T12:23:10,2026-06-29T16:30:10,4.79,B2,Car
JKL3104,2026-06-29T12:56:32,2026-06-29T15:30:32,2.0,P2,Car
PLT7448,2026-06-29T13:11:06,2026-06-29T15:00:06,2.0,B2,Car
WB6172,2026-06-29T13:35:47,2026-06-29T14:02:47,2.0,P2,Car
VCC4364,2026-06-29T12:39:21,2026-06-29T14:10:21,2.0,P3,Car
WB978,2026-06-29T11:43:24,2026-06-29T14:54:24,2.46,B1,Car
BMK9133,2026-06-29T07:03:56,2026-06-29T10:46:56,3.79,B1,Car
JKL7519,2026-06-29T12:09:46,2026-06-29T15:00:46,2.0,P1,Car
JHG2368,2026-06-29T13:59:57,2026-06-29T15:49:57,2.0,P2,Motorcycle
JKL4602,2026-06-29T16:25:11,2026-06-29T17:42:11,2.0,P2,Car
BMK6234,2026-06-29T13:35:26,2026-06-29T15:12:26,2.0,B1,Car
JKL8123,2026-06-29T12:10:53,2026-06-29T13:18:53,2.0,P1,Motorcycle
WXY2657,2026-06-29T12:33:51,2026-06-29T14:47:51,2.0,P3,Motorcycle
JHG6275,2026-06-29T14:03:37,2026-06-29T16:34:37,2.0,P3,Car
JKL5258,2026-06-29T12:30:12,2026-06-29T16:14:12,3.83,B1,Car
WA7743,2026-06-29T15:25:20,2026-06-29T17:41:20,2.0,P3,Car
WA2619,2026-06-29T15:28:32,2026-06-29T19:13:32,3.88,P3,Car
WB6746,2026-06-29T16:30:42,2026-06-29T19:35:42,2.21,P1,Car
JHG1985,2026-06-29T09:25:33,2026-06-29T12:10:33,2.0,P3,Car
JKL5007,2026-06-29T13:52:44,2026-06-29T15:26:44,2.0,P3,Motorcycle
BMK8988,2026-06-29T15:15:56,2026-06-29T16:49:56,2.0,P1,Motorcycle
BMK5030,2026-06-29T12:51:45,2026-06-29T13:49:45,2.0,P2,Car
WA6464,2026-06-29T17:44:07,2026-06-29T19:18:07,2.0,P3,Car
VBA2350,2026-06-29T08:22:55,2026-06-29T11:14:55,2.0,B2,Motorcycle
PLT5550,2026-06-29T07:18:08,2026-06-29T10:13:08,2.0,P1,Car
PLT9468,2026-06-29T13:36:42,2026-06-29T15:27:42,2.0,B1,Car
VBA2477,2026-06-29T14:50:54,2026-06-29T18:06:54,2.67,P2,Car
WA4711,2026-06-29T06:57:02,2026-06-29T08:46:02,2.0,P2,Car
JKL9910,2026-06-29T11:04:49,2026-06-29T12:25:49,2.0,B2,Car
SWJ9323,2026-06-29T08:19:06,2026-06-29T08:54:06,2.0,P1,Car
SWJ3579,2026-06-29T17:07:53,2026-06-29T19:06:53,2.0,P1,Car
WXY7303,2026-06-29T12:17:32,2026-06-29T13:45:32,2.0,B2,Motorcycle
VCC1812,2026-06-29T12:34:52,2026-06-29T14:16:52,2.0,B1,Car
JKL3774,2026-06-29T11:21:33,2026-06-29T15:15:33,4.25,P2,Motorcycle
JKL8800,2026-06-29T14:53:51,2026-06-29T16:06:51,2.0,P1,Car
WA6135,2026-06-29T13:32:17,2026-06-29T15:09:17,2.0,P1,Car
WB9647,2026-06-29T12:25:24,2026-06-29T13:02:24,2.0,B1,Car
SWJ8709,2026-06-29T10:03:51,2026-06-29T10:14:51,0.0,P3,Car
VCC7450,2026-06-29T16:08:27,2026-06-29T18:25:27,2.0,P2,Car
PLT1253,2026-06-29T12:10:18,2026-06-29T13:42:18,2.0,B2,Car
PLT4352,2026-06-29T11:45:47,2026-06-29T13:48:47,2.0,P2,Motorcycle
WXY259,2026-06-29T13:18:47,2026-06-29T13:26:47,0.0,P1,Car
WB4322,2026-06-29T13:55:41,2026-06-29T15:53:41,2.0,B2,Car
JHG1725,2026-06-29T10:20:22,2026-06-29T11:18:22,2.0,P1,Car
VCC1674,2026-06-29T12:01:51,2026-06-29T12:57:51,2.0,P3,Car
VCC1356,2026-06-29T15:56:30,2026-06-29T17:05:30,2.0,P3,Car
BMK8656,2026-06-29T07:08:54,2026-06-29T09:13:54,2.0,B2,Car
WXY3164,2026-06-29T11:16:42,2026-06-29T13:04:42,2.0,P3,Motorcycle
WA2193,2026-06-29T08:24:10,2026-06-29T10:48:10,2.0,P2,Car
WXY150,2026-06-29T17:34:24,2026-06-29T20:21:24,2.0,P1,Car
BMK5299,2026-06-29T13:36:34,2026-06-29T14:49:34,2.0,P3,Motorcycle
PLT121,2026-06-29T10:49:40,2026-06-29T12:16:40,2.0,P2,Car
JKL2069,2026-06-29T16:06:06,2026-06-29T17:25:06,2.0,P2,Car
VCC1107,2026-06-29T09:40:43,2026-06-29T11:49:43,2.0,B2,Car
PLT7694,2026-06-29T14:41:43,2026-06-29T16:05:43,2.0,B1,Motorcycle
BMK3910,2026-06-29T17:38:24,2026-06-29T21:01:24,2.96,P2,Car
WXY3976,2026-06-29T09:52:14,2026-06-29T12:42:14,2.0,P1,Car
PLT3598,2026-06-29T13:03:25,2026-06-29T14:38:25,2.0,P1,Motorcycle
VBA7667,2026-06-29T08:16:02,2026-06-29T08:31:02,0.0,P1,Car
BMK3063,2026-06-29T13:56:45,2026-06-29T15:20:45,2.0,P2,Motorcycle
WA38,2026-06-29T15:06:32,2026-06-29T17:52:32,2.0,P1,Car
JKL9742,2026-06-29T07:32:35,2026-06-29T08:46:35,2.0,B2,Car
VCC6504,2026-06-29T12:39:18,2026-06-29T13:11:18,2.0,P1,Motorcycle
VCC3421,2026-06-29T13:53:32,2026-06-29T15:30:32,2.0,P1,Car
WB8515,2026-06-29T09:39:05,2026-06-29T09:47:05,0.0,P3,Car
BMK1472,2026-06-29T15:56:54,2026-06-29T18:07:54,2.0,P3,Car
JKL9442,2026-06-29T11:09:31,2026-06-29T14:27:31,2.75,P3,Car
JKL3505,2026-06-29T14:07:43,2026-06-29T15:57:43,2.0,B2,Car
PLT1308,2026-06-29T10:39:36,2026-06-29T12:44:36,2.0,P1,Car
WA899,2026-06-29T13:43:08,2026-06-29T15:19:08,2.0,P2,Motorcycle
JHG4924,2026-06-29T16:45:08,2026-06-29T18:14:08,2.0,P3,Car
VCC5341,2026-06-29T12:28:10,2026-06-29T14:39:10,2.0,P3,Car
WB5846,2026-06-29T17:21:14,2026-06-29T19:16:14,2.0,P3,Car
BMK8717,2026-06-29T14:56:21,2026-06-29T15:11:21,0.0,P2,Car
SWJ6015,2026-06-29T19:27:40,2026-06-29T21:40:40,2.0,P1,Motorcycle
WXY8822,2026-06-29T16:13:33,2026-06-29T18:45:33,2.0,P2,Car
BMK3480,2026-06-29T17:49:40,2026-06-29T19:11:40,2.0,P2,Car
WA1939,2026-06-29T13:45:16,2026-06-29T13:53:16,0.0,P2,Motorcycle
JHG6405,2026-06-29T08:44:47,2026-06-29T11:05:47,2.0,P2,Car
PLT4252,2026-06-29T13:44:55,2026-06-29T15:47:55,2.0,B2,Motorcycle
WA4980,2026-06-29T14:04:44,2026-06-29T16:10:44,2.0,P1,Car
BMK2331,2026-06-29T12:04:23,2026-06-29T12:46:23,2.0,B2,Car
JHG7374,2026-06-29T12:32:44,2026-06-29T13:03:44,2.0,P2,Car
VBA7290,2026-06-29T13:44:44,2026-06-29T16:29:44,2.0,P1,Car
PLT1747,2026-06-29T10:01:24,2026-06-29T13:17:24,2.67,P2,Car
PLT1191,2026-06-29T12:00:54,2026-06-29T13:11:54,2.0,P1,Car
JHG2960,2026-06-29T14:19:42,2026-06-29T14:49:42,2.0,P1,Car
JHG1458,2026-06-29T07:03:24,2026-06-29T09:05:24,2.0,B2,Motorcycle
VBA5823,2026-06-29T13:00:17,2026-06-29T15:09:17,2.0,P3,Motorcycle
JHG6070,2026-06-29T13:50:47,2026-06-29T15:10:47,2.0,P3,Car
VBA4675,2026-06-29T11:15:58,2026-06-29T13:01:58,2.0,B1,Car
WA5986,2026-06-29T13:14:48,2026-06-29T15:39:48,2.0,P2,Car
WA6052,2026-06-29T13:06:42,2026-06-29T15:02:42,2.0,P2,Car
VCC9099,2026-06-29T16:07:07,2026-06-29T18:07:07,2.0,B1,Car
PLT6977,2026-06-29T10:59:11,2026-06-29T13:24:11,2.0,B1,Car
VCC3918,2026-06-29T14:23:28,2026-06-29T16:26:28,2.0,P3,Motorcycle
PLT9223,2026-06-29T17:30:47,2026-06-29T19:43:47,2.0,B2,Car
PLT8545,2026-06-29T19:33:03,2026-06-29T22:47:03,2.58,P2,Motorcycle
JHG7676,2026-06-29T14:05:30,2026-06-29T15:26:30,2.0,B1,Car
PLT4598,2026-06-29T16:20:06,2026-06-29T18:37:06,2.0,P3,Car
VBA8349,2026-06-29T20:30:16,2026-06-30T00:08:16,3.58,P1,Motorcycle
WXY8801,2026-06-29T17:43:47,2026-06-29T18:47:47,2.0,P2,Car
WA5276,2026-06-29T12:23:09,2026-06-29T13:47:09,2.0,P1,Car
WXY9797,2026-06-29T10:44:14,2026-06-29T11:27:14,2.0,B1,Car
VBA3139,2026-06-29T07:18:28,2026-06-29T09:41:28,2.0,P3,Car
VBA207,2026-06-29T06:25:01,2026-06-29T07:09:01,2.0,P3,Car
VCC3478,2026-06-29T13:32:54,2026-06-29T16:24:54,2.0,B2,Car
VCC4440,2026-06-29T14:19:50,2026-06-29T17:06:50,2.0,P2,Car
WXY9316,2026-06-29T15:26:42,2026-06-29T17:22:42,2.0,P3,Car
JHG9940,2026-06-29T13:09:38,2026-06-29T16:43:38,3.42,B1,Car
PLT9210,2026-06-29T08:08:16,2026-06-29T09:25:16,2.0,P1,Car
VBA9526,2026-06-29T15:08:33,2026-06-29T16:50:33,2.0,P3,Car
VCC6700,2026-06-29T15:05:37,2026-06-29T17:45:37,2.0,P3,Motorcycle
WA1554,2026-06-29T10:47:17,2026-06-29T11:04:17,2.0,P1,Car
JHG1156,2026-06-29T14:01:57,2026-06-29T15:37:57,2.0,P3,Car
JHG8402,2026-06-29T15:33:24,2026-06-29T16:41:24,2.0,B2,Car
SWJ8551,2026-06-29T09:33:37,2026-06-29T11:44:37,2.0,B2,Car
WA2975,2026-06-29T09:16:36,2026-06-29T11:34:36,2.0,P3,Car
BMK936,2026-06-29T06:16:43,2026-06-29T09:18:43,2.08,B2,Car
VCC7789,2026-06-29T14:58:00,2026-06-29T17:35:00,2.0,P3,Car
BMK3394,2026-06-29T10:14:27,2026-06-29T12:14:27,2.0,B2,Car
SWJ5893,2026-06-29T12:47:14,2026-06-29T14:54:14,2.0,B1,Car
PLT4359,2026-06-29T13:14:40,2026-06-29T14:35:40,2.0,P1,Car
BMK7694,2026-06-29T06:39:26,2026-06-29T08:21:26,2.0,B2,Car
WA5153,2026-06-29T17:22:22,2026-06-29T18:46:22,2.0,P2,Car
WA6058,2026-06-29T11:49:10,2026-06-29T12:21:10,2.0,P1,Car
JKL3217,2026-06-29T15:40:15,2026-06-29T16:22:15,2.0,P3,Car
VCC9647,2026-06-29T12:04:38,2026-06-29T13:27:38,2.0,P1,Car
WB4464,2026-06-29T16:26:46,2026-06-29T17:31:46,2.0,P1,Car
PLT65,2026-06-29T15:05:44,2026-06-29T15:15:44,0.0,P2,Car
WXY393,2026-06-29T16:50:15,2026-06-29T20:25:15,3.46,P1,Car
SWJ1202,2026-06-29T21:09:30,2026-06-29T22:00:30,2.0,B2,Car
JHG5457,2026-06-29T12:30:55,2026-06-29T15:11:55,2.0,P1,Car
WXY4309,2026-06-29T13:04:39,2026-06-29T15:37:39,2.0,P2,Car
WB840,2026-06-29T11:12:38,2026-06-29T13:55:38,2.0,P2,Car
BMK7741,2026-06-29T09:14:19,2026-06-29T12:01:19,2.0,P1,Car
VCC3789,2026-06-29T11:45:28,2026-06-29T13:16:28,2.0,B2,Car
WXY3158,2026-06-29T15:27:08,2026-06-29T16:21:08,2.0,B2,Car
JHG8214,2026-06-29T17:15:48,2026-06-29T19:53:48,2.0,B1,Motorcycle
WXY3621,2026-06-29T08:01:14,2026-06-29T09:32:14,2.0,B2,Car
PLT3014,2026-06-29T14:29:39,2026-06-29T17:43:39,2.58,P2,Car
WXY3708,2026-06-29T20:08:10,2026-06-29T21:54:10,2.0,B1,Car
JHG6497,2026-06-29T15:44:50,2026-06-29T16:16:50,2.0,P3,Motorcycle
BMK4809,2026-06-29T13:38:20,2026-06-29T15:09:20,2.0,P1,Car
PLT7566,2026-06-29T11:59:40,2026-06-29T13:46:40,2.0,P1,Car
SWJ7807,2026-06-29T11:45:33,2026-06-29T15:02:33,2.71,B2,Car
WA7165,2026-06-29T13:04:39,2026-06-29T14:28:39,2.0,B1,Car
SWJ7814,2026-06-29T13:14:28,2026-06-29T16:25:28,2.46,B1,Car
SWJ837,2026-06-29T08:46:59,2026-06-29T10:15:59,2.0,P1,Car
WB2113,2026-06-29T19:08:02,2026-06-29T22:03:02,2.0,P1,Car
SWJ7166,2026-06-29T13:42:04,2026-06-29T15:18:04,2.0,B2,Car
WXY523,2026-06-29T16:45:47,2026-06-29T19:42:47,2.0,P3,Car
WB9891,2026-06-29T08:20:10,2026-06-29T09:53:10,2.0,B1,Car
SWJ5939,2026-06-29T13:51:27,2026-06-29T16:35:27,2.0,P1,Car
WA7746,2026-06-29T09:05:16,2026-06-29T11:13:16,2.0,P2,Car
PLT2124,2026-06-29T11:29:25,2026-06-29T12:51:25,2.0,P2,Car
PLT454,2026-06-29T18:21:51,2026-06-29T21:13:51,2.0,P3,Motorcycle
JKL5264,2026-06-29T06:09:54,2026-06-29T08:31:54,2.0,P3,Car
WA924,2026-06-29T12:43:12,2026-06-29T12:51:12,0.0,P1,Car
JKL645,2026-06-29T13:48:16,2026-06-29T15:34:16,2.0,P1,Car
SWJ4941,2026-06-29T13:56:17,2026-06-29T16:33:17,2.0,P3,Motorcycle
WXY6727,2026-06-29T11:07:14,2026-06-29T13:39:14,2.0,B2,Car
VBA2467,2026-06-29T15:03:56,2026-06-29T15:40:56,2.0,P3,Car
JHG2189,2026-06-29T10:27:53,2026-06-29T12:15:53,2.0,P2,Motorcycle
VBA5239,2026-06-29T12:03:22,2026-06-29T12:33:22,2.0,P2,Motorcycle
VCC7566,2026-06-28T15:29:21,2026-06-28T15:37:21,0.0,P2,Car
WXY419,2026-06-28T12:07:20,2026-06-28T14:12:20,2.0,P2,Car
PLT7571,2026-06-28T14:47:03,2026-06-28T16:45:03,2.0,B1,Car
JKL7709,2026-06-28T16:19:40,2026-06-28T16:27:40,0.0,P3,Car
JKL1735,2026-06-28T13:55:22,2026-06-28T14:57:22,2.0,B2,Motorcycle
VCC6823,2026-06-28T20:04:30,2026-06-28T21:52:30,2.0,P1,Car
BMK9313,2026-06-28T14:23:59,2026-06-28T17:03:59,2.0,P1,Car
WA1513,2026-06-28T10:45:08,2026-06-28T12:03:08,2.0,P2,Motorcycle
BMK3643,2026-06-28T12:47:22,2026-06-28T15:41:22,2.0,B2,Car
VBA6236,2026-06-28T14:47:27,2026-06-28T18:28:27,3.71,P1,Car
VBA8050,2026-06-28T14:21:32,2026-06-28T16:55:32,2.0,B2,Motorcycle
WB2689,2026-06-28T19:38:24,2026-06-28T21:35:24,2.0,P2,Car
JKL5927,2026-06-28T16:48:07,2026-06-28T18:00:07,2.0,P1,Car
PLT8369,2026-06-28T13:32:54,2026-06-28T15:33:54,2.0,B1,Car
WXY6945,2026-06-28T11:40:28,2026-06-28T13:18:28,2.0,P2,Motorcycle
PLT8409,2026-06-28T11:14:26,2026-06-28T11:54:26,2.0,B1,Car
VBA3884,2026-06-28T13:21:57,2026-06-28T15:14:57,2.0,B2,Car
VBA3310,2026-06-28T14:14:38,2026-06-28T17:45:38,3.29,B2,Car
JHG6954,2026-06-28T13:45:13,2026-06-28T14:08:13,2.0,B2,Car
BMK9164,2026-06-28T13:55:05,2026-06-28T15:45:05,2.0,B1,Car
SWJ6689,2026-06-28T12:13:34,2026-06-28T14:33:34,2.0,P2,Car
WA4968,2026-06-28T14:22:39,2026-06-28T18:01:39,3.62,P3,Car
JKL5174,2026-06-28T11:09:12,2026-06-28T12:14:12,2.0,P1,Motorcycle
JKL7967,2026-06-28T12:53:28,2026-06-28T15:37:28,2.0,B1,Car
VBA8195,2026-06-28T11:37:32,2026-06-28T13:33:32,2.0,P2,Car
BMK5802,2026-06-28T17:04:25,2026-06-28T19:31:25,2.0,B1,Car
VBA7624,2026-06-28T10:25:41,2026-06-28T13:22:41,2.0,B2,Motorcycle
SWJ8338,2026-06-28T19:46:30,2026-06-28T21:40:30,2.0,B1,Car
WXY2381,2026-06-28T12:41:42,2026-06-28T14:09:42,2.0,P3,Car
SWJ2563,2026-06-28T14:43:14,2026-06-28T15:21:14,2.0,B2,Motorcycle
WXY5296,2026-06-28T11:07:08,2026-06-28T13:17:08,2.0,B1,Car
SWJ8995,2026-06-28T10:57:01,2026-06-28T12:48:01,2.0,B2,Car
WA9990,2026-06-28T11:21:16,2026-06-28T12:22:16,2.0,B2,Motorcycle
WA1101,2026-06-28T14:23:51,2026-06-28T15:31:51,2.0,P3,Motorcycle
VCC2626,2026-06-28T20:18:52,2026-06-28T22:16:52,2.0,B1,Car
VBA2407,2026-06-28T15:47:51,2026-06-28T17:54:51,2.0,P3,Car
BMK2358,2026-06-28T14:07:46,2026-06-28T16:54:46,2.0,B2,Motorcycle
WA3162,2026-06-28T14:59:09,2026-06-28T16:37:09,2.0,P1,Car
VBA9782,2026-06-28T15:05:40,2026-06-28T16:12:40,2.0,P2,Car
WXY5371,2026-06-28T14:07:02,2026-06-28T16:01:02,2.0,P2,Car
SWJ3245,2026-06-28T12:12:38,2026-06-28T14:07:38,2.0,P3,Car
JHG7310,2026-06-28T16:25:26,2026-06-28T18:07:26,2.0,P2,Car
VBA2713,2026-06-28T22:45:57,2026-06-29T00:06:57,2.0,P2,Car
VCC8688,2026-06-28T14:41:03,2026-06-28T15:16:03,2.0,B2,Car
WXY7399,2026-06-28T14:56:36,2026-06-28T15:38:36,2.0,B1,Car
VBA789,2026-06-28T11:25:32,2026-06-28T12:45:32,2.0,B2,Motorcycle
WXY8198,2026-06-28T14:24:10,2026-06-28T16:40:10,2.0,B2,Car
PLT9337,2026-06-28T15:45:42,2026-06-28T16:51:42,2.0,B1,Car
JKL2643,2026-06-28T11:37:59,2026-06-28T14:21:59,2.0,P3,Car
JKL71,2026-06-28T17:13:50,2026-06-28T21:45:50,5.83,B2,Car
JKL5519,2026-06-28T11:16:51,2026-06-28T14:30:51,2.58,P2,Motorcycle
BMK8062,2026-06-28T15:17:54,2026-06-28T16:17:54,2.0,P1,Car
JHG9610,2026-06-28T12:26:58,2026-06-28T14:25:58,2.0,B2,Car
VBA1686,2026-06-28T13:37:49,2026-06-28T15:22:49,2.0,B1,Car
JHG1333,2026-06-28T16:27:28,2026-06-28T17:24:28,2.0,B1,Car
PLT1066,2026-06-28T16:46:19,2026-06-28T19:12:19,2.0,P3,Car
WB6992,2026-06-28T13:32:32,2026-06-28T14:45:32,2.0,B2,Car
VCC1944,2026-06-28T07:25:43,2026-06-28T09:44:43,2.0,P1,Car
WB2149,2026-06-28T14:38:55,2026-06-28T15:45:55,2.0,P3,Car
VCC7831,2026-06-28T15:32:02,2026-06-28T16:48:02,2.0,P1,Car
PLT7612,2026-06-28T18:56:02,2026-06-28T21:33:02,2.0,B2,Car
JKL3037,2026-06-28T14:18:21,2026-06-28T15:52:21,2.0,P2,Car
VBA2684,2026-06-28T09:16:21,2026-06-28T09:43:21,2.0,P2,Car
WXY3624,2026-06-28T14:16:58,2026-06-28T15:35:58,2.0,P2,Motorcycle
WA8732,2026-06-28T10:04:40,2026-06-28T14:39:40,5.96,B2,Car
SWJ991,2026-06-28T14:30:51,2026-06-28T17:15:51,2.0,B1,Car
JHG2630,2026-06-28T11:33:12,2026-06-28T12:31:12,2.0,B2,Car
VBA7706,2026-06-28T10:10:58,2026-06-28T11:41:58,2.0,B1,Car
VCC9657,2026-06-28T17:06:35,2026-06-28T18:27:35,2.0,P3,Car
VBA8171,2026-06-28T12:24:07,2026-06-28T14:34:07,2.0,B2,Car
SWJ470,2026-06-28T16:35:11,2026-06-28T18:13:11,2.0,P3,Car
SWJ9225,2026-06-28T06:29:40,2026-06-28T08:54:40,2.0,P3,Car
VBA5904,2026-06-28T17:34:55,2026-06-28T18:59:55,2.0,P2,Motorcycle
JKL1055,2026-06-28T14:45:15,2026-06-28T17:17:15,2.0,B1,Car
BMK3888,2026-06-28T13:32:32,2026-06-28T15:42:32,2.0,P1,Car
WXY4368,2026-06-28T22:43:37,2026-06-28T23:16:37,2.0,P1,Car
WXY8441,2026-06-28T15:57:36,2026-06-28T18:10:36,2.0,B1,Car
WXY9390,2026-06-28T16:52:11,2026-06-28T17:59:11,2.0,P2,Car
BMK4382,2026-06-28T15:13:59,2026-06-28T16:41:59,2.0,B2,Motorcycle
WXY1103,2026-06-28T18:24:25,2026-06-28T19:51:25,2.0,B2,Car
VBA7010,2026-06-28T17:17:32,2026-06-28T20:05:32,2.0,P3,Car
WB6312,2026-06-28T22:27:39,2026-06-28T23:26:39,2.0,P2,Car
SWJ4180,2026-06-28T12:22:58,2026-06-28T13:03:58,2.0,B2,Car
BMK2623,2026-06-28T14:07:37,2026-06-28T16:23:37,2.0,P3,Motorcycle
VCC8907,2026-06-28T12:31:26,2026-06-28T14:10:26,2.0,P1,Car
WXY3964,2026-06-28T13:59:48,2026-06-28T16:19:48,2.0,P3,Car
WA5498,2026-06-28T14:37:24,2026-06-28T14:45:24,0.0,B1,Car
VCC8243,2026-06-28T14:53:03,2026-06-28T18:03:03,2.42,P2,Car
BMK5434,2026-06-28T11:04:16,2026-06-28T12:32:16,2.0,P1,Car
WB7323,2026-06-28T11:19:04,2026-06-28T12:22:04,2.0,P2,Car
BMK8414,2026-06-28T15:59:58,2026-06-28T18:40:58,2.0,B1,Car
VBA957,2026-06-28T10:54:47,2026-06-28T12:10:47,2.0,P3,Motorcycle
PLT8367,2026-06-28T14:33:47,2026-06-28T16:27:47,2.0,B1,Car
VCC1499,2026-06-28T13:16:42,2026-06-28T15:43:42,2.0,P2,Car
PLT6684,2026-06-28T15:25:06,2026-06-28T17:15:06,2.0,P1,Motorcycle
JHG5410,2026-06-28T09:21:15,2026-06-28T09:29:15,0.0,P2,Car
VBA1390,2026-06-28T09:27:04,2026-06-28T12:06:04,2.0,P1,Car
BMK6266,2026-06-28T06:58:40,2026-06-28T08:03:40,2.0,B2,Car
JKL7339,2026-06-28T13:59:31,2026-06-28T16:14:31,2.0,P3,Car
VBA1100,2026-06-28T18:30:08,2026-06-28T19:39:08,2.0,B1,Car
JKL741,2026-06-28T16:44:11,2026-06-28T19:33:11,2.0,P1,Car
JHG5702,2026-06-28T14:14:37,2026-06-28T15:25:37,2.0,P2,Car
VCC2944,2026-06-28T08:10:28,2026-06-28T10:57:28,2.0,P1,Car
VBA4271,2026-06-28T17:55:15,2026-06-28T20:33:15,2.0,P1,Car
VBA694,2026-06-28T13:14:00,2026-06-28T14:41:00,2.0,P3,Car
WB9638,2026-06-28T21:20:54,2026-06-28T21:28:54,0.0,B1,Motorcycle
SWJ2071,2026-06-28T10:13:30,2026-06-28T11:53:30,2.0,P3,Car
JHG8240,2026-06-28T09:14:39,2026-06-28T10:59:39,2.0,P2,Motorcycle
WXY8714,2026-06-28T16:38:11,2026-06-28T18:36:11,2.0,P3,Car
SWJ8477,2026-06-28T16:28:49,2026-06-28T19:10:49,2.0,B1,Car
WB4758,2026-06-28T11:34:24,2026-06-28T11:42:24,0.0,P3,Car
SWJ3489,2026-06-28T13:16:30,2026-06-28T14:53:30,2.0,B1,Car
SWJ3398,2026-06-28T12:05:48,2026-06-28T12:56:48,2.0,P2,Car
WXY4470,2026-06-28T10:40:23,2026-06-28T11:21:23,2.0,B2,Car
WB5006,2026-06-28T11:27:38,2026-06-28T14:04:38,2.0,P2,Car
VBA7990,2026-06-28T12:50:47,2026-06-28T15:02:47,2.0,P1,Car
VBA5553,2026-06-28T15:02:45,2026-06-28T18:42:45,3.67,B1,Car
VBA2586,2026-06-28T13:09:41,2026-06-28T15:30:41,2.0,P3,Car
WXY2836,2026-06-28T17:15:21,2026-06-28T19:35:21,2.0,P1,Car
WB1956,2026-06-28T11:50:23,2026-06-28T13:54:23,2.0,P1,Car
WXY6422,2026-06-28T10:38:16,2026-06-28T12:48:16,2.0,B1,Car
SWJ5456,2026-06-28T13:23:07,2026-06-28T15:18:07,2.0,P2,Car
JKL3797,2026-06-28T12:01:37,2026-06-28T13:25:37,2.0,P3,Car
PLT7722,2026-06-28T15:58:15,2026-06-28T19:30:15,3.33,B2,Motorcycle
WB9863,2026-06-28T14:36:20,2026-06-28T16:07:20,2.0,P1,Motorcycle
WA5951,2026-06-28T11:28:19,2026-06-28T13:28:19,2.0,P1,Car
WA3991,2026-06-28T20:15:41,2026-06-28T23:52:41,3.54,P3,Motorcycle
WB4977,2026-06-28T13:33:50,2026-06-28T16:40:50,2.29,P3,Car
WA7569,2026-06-28T14:00:03,2026-06-28T14:48:03,2.0,P2,Motorcycle
WB6345,2026-06-28T09:53:30,2026-06-28T10:35:30,2.0,P2,Car
BMK5090,2026-06-28T18:47:28,2026-06-28T20:24:28,2.0,B1,Car
VBA6045,2026-06-28T13:57:05,2026-06-28T15:27:05,2.0,P1,Car
SWJ8456,2026-06-28T10:58:44,2026-06-28T13:20:44,2.0,P3,Car
JHG8865,2026-06-28T16:07:23,2026-06-28T18:36:23,2.0,P2,Car
JKL9163,2026-06-28T15:21:38,2026-06-28T16:35:38,2.0,B2,Car
BMK5998,2026-06-28T13:45:23,2026-06-28T15:57:23,2.0,B2,Car
VBA6839,2026-06-28T16:07:21,2026-06-28T18:59:21,2.0,P1,Car
WB7313,2026-06-28T13:42:12,2026-06-28T15:36:12,2.0,P3,Car
VBA6144,2026-06-28T13:45:29,2026-06-28T16:08:29,2.0,P1,Car
WA692,2026-06-28T08:20:43,2026-06-28T11:30:43,2.42,B1,Motorcycle
VBA3052,2026-06-28T11:11:04,2026-06-28T13:07:04,2.0,P3,Motorcycle
WB5145,2026-06-28T16:10:42,2026-06-28T18:57:42,2.0,P3,Motorcycle
BMK2208,2026-06-28T08:46:39,2026-06-28T10:17:39,2.0,P3,Car
JKL3641,2026-06-28T12:39:50,2026-06-28T15:03:50,2.0,B1,Car
VCC9009,2026-06-28T08:23:31,2026-06-28T09:35:31,2.0,P2,Car
WXY9699,2026-06-28T12:39:39,2026-06-28T14:07:39,2.0,B2,Car
WB383,2026-06-28T12:11:57,2026-06-28T15:46:57,3.46,P1,Motorcycle
VCC8729,2026-06-28T16:53:52,2026-06-28T18:05:52,2.0,P2,Car
WXY2158,2026-06-28T15:21:38,2026-06-28T19:03:38,3.75,P3,Car
BMK829,2026-06-28T14:39:46,2026-06-28T16:37:46,2.0,P2,Car
BMK3358,2026-06-28T12:47:57,2026-06-28T13:56:57,2.0,B1,Motorcycle
WXY4691,2026-06-28T14:59:00,2026-06-28T16:06:00,2.0,P2,Car
JKL9842,2026-06-28T19:35:30,2026-06-28T22:33:30,2.0,P2,Car
VCC3223,2026-06-28T12:50:51,2026-06-28T13:41:51,2.0,P2,Car
VBA5008,2026-06-28T12:32:15,2026-06-28T16:37:15,4.71,B1,Car
VCC8354,2026-06-28T13:50:23,2026-06-28T16:17:23,2.0,P3,Motorcycle
SWJ6574,2026-06-28T09:49:47,2026-06-28T11:46:47,2.0,P2,Car
WA2561,2026-06-28T10:42:59,2026-06-28T13:45:59,2.12,B2,Car
PLT4076,2026-06-28T11:32:13,2026-06-28T13:37:13,2.0,P3,Motorcycle
BMK7904,2026-06-28T14:17:22,2026-06-28T15:44:22,2.0,P3,Car
WXY4959,2026-06-28T08:20:27,2026-06-28T09:11:27,2.0,P3,Car
VBA2785,2026-06-28T09:40:57,2026-06-28T11:05:57,2.0,P3,Car
WA7157,2026-06-28T14:52:29,2026-06-28T15:21:29,2.0,P2,Car
SWJ3624,2026-06-28T14:57:09,2026-06-28T17:15:09,2.0,B1,Car
PLT2642,2026-06-28T13:46:36,2026-06-28T16:00:36,2.0,B1,Motorcycle
BMK274,2026-06-28T10:32:31,2026-06-28T12:08:31,2.0,P2,Car
WB7133,2026-06-28T18:36:06,2026-06-28T20:48:06,2.0,P2,Car
SWJ6090,2026-06-28T10:36:11,2026-06-28T11:31:11,2.0,P1,Car
JHG2514,2026-06-28T16:10:44,2026-06-28T16:18:44,0.0,P3,Motorcycle
JKL828,2026-06-28T15:03:53,2026-06-28T15:21:53,2.0,P2,Car
JHG8018,2026-06-28T14:53:05,2026-06-28T17:23:05,2.0,P2,Car
PLT6776,2026-06-28T20:14:23,2026-06-28T22:04:23,2.0,P1,Car
VCC8034,2026-06-28T14:47:06,2026-06-28T16:16:06,2.0,P1,Car
WA8741,2026-06-28T13:48:24,2026-06-28T15:52:24,2.0,B1,Car
VCC7162,2026-06-28T13:51:32,2026-06-28T16:00:32,2.0,B2,Motorcycle
WA6680,2026-06-28T15:11:52,2026-06-28T16:06:52,2.0,P2,Car
PLT9133,2026-06-28T10:36:57,2026-06-28T12:03:57,2.0,B2,Car
WXY218,2026-06-28T16:56:27,2026-06-28T19:11:27,2.0,P3,Car
VBA4919,2026-06-28T09:30:52,2026-06-28T10:01:52,2.0,B1,Car
JHG359,2026-06-28T15:00:42,2026-06-28T17:32:42,2.0,B1,Car
BMK2100,2026-06-28T12:14:21,2026-06-28T12:58:21,2.0,P1,Car
WB2661,2026-06-28T12:19:50,2026-06-28T15:43:50,3.0,P1,Car
WXY6041,2026-06-28T13:59:19,2026-06-28T15:28:19,2.0,P2,Motorcycle
BMK1930,2026-06-28T10:26:57,2026-06-28T12:55:57,2.0,B2,Car
WA3737,2026-06-28T10:24:06,2026-06-28T14:30:06,4.75,B1,Car
WA8505,2026-06-28T11:53:24,2026-06-28T14:54:24,2.04,B2,Car
JHG3327,2026-06-28T15:41:28,2026-06-28T16:27:28,2.0,P2,Car
JKL8508,2026-06-28T10:23:09,2026-06-28T13:01:09,2.0,P2,Car
BMK9189,2026-06-28T15:53:15,2026-06-28T18:18:15,2.0,P1,Car
JHG9604,2026-06-28T17:42:58,2026-06-28T20:09:58,2.0,B1,Car
WB317,2026-06-28T18:25:19,2026-06-28T21:14:19,2.0,B1,Car
VBA8254,2026-06-28T16:01:01,2026-06-28T18:35:01,2.0,P2,Car
JHG6830,2026-06-27T09:04:08,2026-06-27T10:29:08,2.0,B1,Car
BMK8899,2026-06-27T11:03:36,2026-06-27T12:28:36,2.0,B1,Car
BMK9374,2026-06-27T08:06:27,2026-06-27T08:52:27,2.0,P2,Motorcycle
JHG3059,2026-06-27T16:43:31,2026-06-27T16:59:31,2.0,B2,Car
WB4503,2026-06-27T17:20:19,2026-06-27T19:18:19,2.0,B2,Car
SWJ1884,2026-06-27T16:21:14,2026-06-27T18:47:14,2.0,P3,Motorcycle
PLT6755,2026-06-27T14:19:23,2026-06-27T15:29:23,2.0,B2,Car
VCC4214,2026-06-27T09:15:27,2026-06-27T10:23:27,2.0,B2,Car
WB250,2026-06-27T16:08:51,2026-06-27T18:49:51,2.0,P1,Car
JKL3179,2026-06-27T14:16:44,2026-06-27T15:40:44,2.0,B1,Car
BMK3022,2026-06-27T15:19:42,2026-06-27T18:19:42,2.0,B1,Motorcycle
WA6961,2026-06-27T13:12:25,2026-06-27T14:46:25,2.0,P2,Car
WA9332,2026-06-27T11:41:18,2026-06-27T12:29:18,2.0,B1,Motorcycle
SWJ9113,2026-06-27T10:09:32,2026-06-27T12:32:32,2.0,B1,Car
WB2826,2026-06-27T14:47:04,2026-06-27T16:02:04,2.0,P3,Car
JKL6037,2026-06-27T16:21:19,2026-06-27T17:32:19,2.0,P2,Motorcycle
JKL8686,2026-06-27T12:09:57,2026-06-27T13:29:57,2.0,P2,Car
WB3665,2026-06-27T12:09:09,2026-06-27T14:20:09,2.0,P3,Car
WXY7136,2026-06-27T12:25:58,2026-06-27T14:56:58,2.0,P2,Car
WXY1539,2026-06-27T10:40:24,2026-06-27T12:42:24,2.0,P2,Car
WA9536,2026-06-27T13:06:29,2026-06-27T15:08:29,2.0,B2,Car
JKL522,2026-06-27T13:03:23,2026-06-27T15:38:23,2.0,P1,Motorcycle
VCC9008,2026-06-27T18:51:56,2026-06-27T20:52:56,2.0,P2,Car
WA2634,2026-06-27T15:17:22,2026-06-27T18:03:22,2.0,P2,Car
SWJ9818,2026-06-27T12:49:42,2026-06-27T13:29:42,2.0,B1,Car
WB6081,2026-06-27T15:20:03,2026-06-27T16:04:03,2.0,B2,Car
JHG4491,2026-06-27T15:47:59,2026-06-27T17:46:59,2.0,B1,Motorcycle
SWJ1799,2026-06-27T10:48:36,2026-06-27T12:58:36,2.0,B2,Car
VBA3433,2026-06-27T14:43:43,2026-06-27T15:54:43,2.0,P2,Car
VCC7898,2026-06-27T10:21:46,2026-06-27T12:13:46,2.0,P1,Car
BMK7415,2026-06-27T13:28:04,2026-06-27T15:00:04,2.0,P1,Car
WA3801,2026-06-27T17:32:05,2026-06-27T18:21:05,2.0,P2,Car
VCC6812,2026-06-27T11:19:40,2026-06-27T12:48:40,2.0,B1,Car
JKL7065,2026-06-27T11:20:02,2026-06-27T12:18:02,2.0,P2,Car
WXY6929,2026-06-27T13:06:53,2026-06-27T15:03:53,2.0,B1,Car
JKL5171,2026-06-27T19:37:24,2026-06-27T21:04:24,2.0,P1,Car
WB8635,2026-06-27T11:04:31,2026-06-27T12:13:31,2.0,B1,Car
WA8268,2026-06-27T10:06:31,2026-06-27T11:58:31,2.0,B2,Car
JHG750,2026-06-27T16:55:49,2026-06-27T19:34:49,2.0,B2,Car
VCC4056,2026-06-27T12:58:00,2026-06-27T14:09:00,2.0,P3,Motorcycle
JKL861,2026-06-27T12:40:48,2026-06-27T14:35:48,2.0,P3,Car
JKL478,2026-06-27T06:36:25,2026-06-27T07:52:25,2.0,B1,Car
JKL7832,2026-06-27T16:37:09,2026-06-27T17:34:09,2.0,P3,Motorcycle
VBA5250,2026-06-27T16:42:00,2026-06-27T18:44:00,2.0,P1,Car
PLT6246,2026-06-27T18:51:16,2026-06-27T20:56:16,2.0,P2,Motorcycle
VBA1655,2026-06-27T18:39:37,2026-06-27T20:16:37,2.0,P2,Car
VCC2867,2026-06-27T10:22:09,2026-06-27T12:06:09,2.0,B2,Car
VCC859,2026-06-27T14:17:50,2026-06-27T16:02:50,2.0,P1,Car
BMK5348,2026-06-27T13:53:35,2026-06-27T15:40:35,2.0,P3,Car
WXY9510,2026-06-27T14:19:34,2026-06-27T16:33:34,2.0,P1,Car
BMK3552,2026-06-27T11:52:53,2026-06-27T13:40:53,2.0,P2,Car
JHG1599,2026-06-27T13:55:58,2026-06-27T15:47:58,2.0,P2,Car
VBA3034,2026-06-27T09:20:53,2026-06-27T09:52:53,2.0,P3,Car
JHG4123,2026-06-27T11:36:28,2026-06-27T11:48:28,0.0,B2,Motorcycle
VBA3970,2026-06-27T15:23:56,2026-06-27T18:22:56,2.0,P1,Car
SWJ1609,2026-06-27T14:00:19,2026-06-27T16:34:19,2.0,P3,Car
BMK5719,2026-06-27T14:28:06,2026-06-27T15:13:06,2.0,B1,Car
BMK6574,2026-06-27T14:48:00,2026-06-27T16:56:00,2.0,P1,Car
VCC1913,2026-06-27T13:55:26,2026-06-27T17:06:26,2.46,P1,Car
SWJ7436,2026-06-27T12:50:27,2026-06-27T15:14:27,2.0,B2,Car
JHG6859,2026-06-27T12:24:04,2026-06-27T13:46:04,2.0,P3,Car
JHG3074,2026-06-27T13:20:28,2026-06-27T14:31:28,2.0,B1,Car
BMK9287,2026-06-27T08:07:28,2026-06-27T11:22:28,2.62,B1,Car
WB2565,2026-06-27T13:06:14,2026-06-27T15:38:14,2.0,B2,Car
SWJ6163,2026-06-27T13:56:24,2026-06-27T15:51:24,2.0,P1,Motorcycle
VBA5042,2026-06-27T10:59:25,2026-06-27T11:40:25,2.0,B1,Motorcycle
JHG9659,2026-06-27T15:53:29,2026-06-27T18:18:29,2.0,B1,Motorcycle
WB260,2026-06-27T15:58:16,2026-06-27T17:41:16,2.0,B1,Car
PLT6997,2026-06-27T12:31:23,2026-06-27T15:28:23,2.0,P1,Car
BMK1459,2026-06-27T18:44:51,2026-06-27T20:31:51,2.0,P2,Car
VCC7100,2026-06-27T11:36:42,2026-06-27T14:06:42,2.0,P3,Car
JKL7328,2026-06-27T14:33:07,2026-06-27T16:35:07,2.0,B1,Car
JKL8311,2026-06-27T09:15:40,2026-06-27T10:31:40,2.0,B2,Car
VCC609,2026-06-27T11:31:46,2026-06-27T14:08:46,2.0,B1,Motorcycle
WXY5666,2026-06-27T08:52:10,2026-06-27T10:36:10,2.0,P3,Car
VCC8807,2026-06-27T15:49:19,2026-06-27T17:13:19,2.0,B1,Motorcycle
PLT1514,2026-06-27T18:11:42,2026-06-27T20:42:42,2.0,B1,Car
BMK2321,2026-06-27T18:19:23,2026-06-27T19:19:23,2.0,B2,Car
VCC5324,2026-06-27T12:02:05,2026-06-27T13:19:05,2.0,P1,Car
JHG3047,2026-06-27T11:28:14,2026-06-27T12:46:14,2.0,B1,Car
SWJ2199,2026-06-27T16:45:57,2026-06-27T19:53:57,2.33,B2,Car
JHG8725,2026-06-27T13:19:23,2026-06-27T14:48:23,2.0,P2,Car
SWJ212,2026-06-27T10:39:53,2026-06-27T12:10:53,2.0,P1,Car
SWJ4941,2026-06-27T12:40:46,2026-06-27T13:35:46,2.0,B1,Car
SWJ9193,2026-06-27T11:13:46,2026-06-27T12:45:46,2.0,B1,Motorcycle
BMK164,2026-06-27T10:58:24,2026-06-27T13:54:24,2.0,B2,Car
SWJ8158,2026-06-27T09:40:49,2026-06-27T10:45:49,2.0,P2,Car
VCC600,2026-06-27T14:48:13,2026-06-27T15:30:13,2.0,B1,Car
JHG2244,2026-06-27T10:44:16,2026-06-27T13:58:16,2.58,B1,Motorcycle
JKL3012,2026-06-27T12:34:31,2026-06-27T13:51:31,2.0,P2,Car
PLT9464,2026-06-27T12:18:22,2026-06-27T14:14:22,2.0,P2,Car
JKL2421,2026-06-27T11:23:48,2026-06-27T13:36:48,2.0,P1,Car
VCC4643,2026-06-27T13:17:41,2026-06-27T16:13:41,2.0,B2,Car
PLT5409,2026-06-27T13:46:00,2026-06-27T17:50:00,4.67,P2,Car
SWJ392,2026-06-27T14:16:57,2026-06-27T14:29:57,0.0,P3,Car
PLT5986,2026-06-27T20:17:08,2026-06-27T22:17:08,2.0,P1,Car
BMK9476,2026-06-27T11:27:16,2026-06-27T14:11:16,2.0,B1,Car
WXY5629,2026-06-27T12:49:52,2026-06-27T15:42:52,2.0,B1,Motorcycle
SWJ2198,2026-06-27T14:30:31,2026-06-27T15:11:31,2.0,P2,Car
PLT551,2026-06-27T12:59:15,2026-06-27T14:33:15,2.0,P2,Motorcycle
SWJ8165,2026-06-27T13:53:31,2026-06-27T16:50:31,2.0,P3,Car
VCC3075,2026-06-27T15:27:33,2026-06-27T18:29:33,2.08,P1,Car
VBA8408,2026-06-27T15:07:31,2026-06-27T17:08:31,2.0,B2,Car
VBA6161,2026-06-27T17:33:39,2026-06-27T19:00:39,2.0,P2,Car
VCC5537,2026-06-27T14:30:05,2026-06-27T17:51:05,2.88,B1,Car
VCC3282,2026-06-27T16:31:57,2026-06-27T18:07:57,2.0,P2,Motorcycle
VCC3674,2026-06-27T06:44:54,2026-06-27T08:31:54,2.0,B2,Car
WB5201,2026-06-27T12:12:50,2026-06-27T14:28:50,2.0,P3,Car
WA7584,2026-06-27T08:02:19,2026-06-27T10:40:19,2.0,B1,Car
WXY3073,2026-06-27T14:34:53,2026-06-27T15:40:53,2.0,B1,Car
WA3084,2026-06-27T19:43:37,2026-06-27T22:24:37,2.0,P1,Car
VBA259,2026-06-27T07:02:38,2026-06-27T08:33:38,2.0,B2,Car
JHG479,2026-06-27T09:52:16,2026-06-27T12:09:16,2.0,B1,Motorcycle
PLT3439,2026-06-27T13:08:29,2026-06-27T15:13:29,2.0,P2,Car
JHG2150,2026-06-27T17:43:37,2026-06-27T19:46:37,2.0,B1,Car
WXY8291,2026-06-27T09:27:26,2026-06-27T12:46:26,2.79,P1,Car
WXY6639,2026-06-27T19:46:55,2026-06-27T21:05:55,2.0,P2,Car
WA2154,2026-06-27T13:49:32,2026-06-27T15:05:32,2.0,B2,Car
SWJ9337,2026-06-27T13:07:29,2026-06-27T15:19:29,2.0,P1,Motorcycle
VBA272,2026-06-27T11:33:13,2026-06-27T13:15:13,2.0,P1,Car
VBA568,2026-06-27T13:03:26,2026-06-27T15:32:26,2.0,P1,Car
PLT6685,2026-06-27T06:44:56,2026-06-27T08:45:56,2.0,P3,Car
VCC2749,2026-06-27T16:29:49,2026-06-27T19:24:49,2.0,P1,Car
BMK3444,2026-06-27T11:21:57,2026-06-27T12:58:57,2.0,B1,Car
WB8454,2026-06-27T17:21:41,2026-06-27T20:12:41,2.0,B2,Motorcycle
JHG9647,2026-06-27T16:03:41,2026-06-27T19:00:41,2.0,P1,Car
SWJ6978,2026-06-27T10:03:08,2026-06-27T11:26:08,2.0,B1,Car
WA2416,2026-06-27T09:23:33,2026-06-27T11:42:33,2.0,B1,Car
WXY5298,2026-06-27T07:05:28,2026-06-27T10:41:28,3.5,P1,Car
WXY3919,2026-06-27T11:07:23,2026-06-27T12:57:23,2.0,B2,Car
VCC5306,2026-06-27T14:45:18,2026-06-27T16:49:18,2.0,P1,Car
VCC7280,2026-06-27T14:16:52,2026-06-27T15:31:52,2.0,B1,Car
SWJ1874,2026-06-27T14:55:50,2026-06-27T18:22:50,3.13,P3,Motorcycle
VBA992,2026-06-27T15:50:29,2026-06-27T16:21:29,2.0,B1,Car
VCC2136,2026-06-27T18:42:37,2026-06-27T21:13:37,2.0,P1,Motorcycle
BMK9627,2026-06-27T16:32:59,2026-06-27T18:24:59,2.0,P2,Car
VCC2979,2026-06-27T11:20:05,2026-06-27T14:09:05,2.0,B2,Car
JKL311,2026-06-27T18:04:20,2026-06-27T19:35:20,2.0,P1,Car
SWJ556,2026-06-27T09:40:32,2026-06-27T12:11:32,2.0,B1,Car
WB2439,2026-06-27T12:55:19,2026-06-27T15:18:19,2.0,B2,Car
VBA4804,2026-06-27T13:17:28,2026-06-27T16:20:28,2.12,P3,Car
VCC2158,2026-06-27T14:37:12,2026-06-27T17:40:12,2.12,P2,Car
VCC6496,2026-06-27T16:19:25,2026-06-27T19:39:25,2.83,P2,Car
JHG2889,2026-06-27T16:58:41,2026-06-27T18:14:41,2.0,B2,Car
VBA2106,2026-06-27T12:17:52,2026-06-27T13:17:52,2.0,P3,Car
SWJ8903,2026-06-27T09:08:11,2026-06-27T10:52:11,2.0,P3,Car
JHG1498,2026-06-27T11:11:04,2026-06-27T11:40:04,2.0,P2,Car
PLT4771,2026-06-27T15:20:38,2026-06-27T16:07:38,2.0,P3,Car
JKL1860,2026-06-27T11:03:44,2026-06-27T11:36:44,2.0,B2,Car
BMK9597,2026-06-27T17:55:33,2026-06-27T19:55:33,2.0,B1,Car
SWJ7445,2026-06-27T13:48:51,2026-06-27T18:13:51,5.54,P1,Car
SWJ9061,2026-06-27T13:07:25,2026-06-27T16:43:25,3.5,P3,Car
SWJ4622,2026-06-27T13:54:38,2026-06-27T14:02:38,0.0,P3,Car
BMK6257,2026-06-27T11:49:02,2026-06-27T13:13:02,2.0,P3,Motorcycle
PLT2697,2026-06-27T14:59:17,2026-06-27T17:43:17,2.0,B2,Motorcycle
WB2853,2026-06-27T12:57:07,2026-06-27T15:56:07,2.0,P1,Car
WA9507,2026-06-27T10:08:35,2026-06-27T12:46:35,2.0,B1,Car
SWJ2345,2026-06-27T19:01:41,2026-06-27T21:18:41,2.0,P1,Motorcycle
BMK8299,2026-06-27T15:19:18,2026-06-27T17:21:18,2.0,P2,Car
VBA2193,2026-06-27T11:18:20,2026-06-27T12:12:20,2.0,B1,Car
VBA9035,2026-06-27T11:19:24,2026-06-27T13:20:24,2.0,P3,Motorcycle
WB5404,2026-06-27T13:50:05,2026-06-27T16:32:05,2.0,B2,Car
WB9078,2026-06-27T18:48:48,2026-06-27T19:04:48,2.0,B2,Car
SWJ5277,2026-06-27T09:09:56,2026-06-27T10:28:56,2.0,B1,Car
WA4260,2026-06-27T12:45:59,2026-06-27T14:28:59,2.0,P3,Car
SWJ5693,2026-06-27T16:44:07,2026-06-27T19:47:07,2.12,P3,Car
WXY5567,2026-06-27T16:41:51,2026-06-27T18:03:51,2.0,P3,Car
WXY5788,2026-06-27T13:20:56,2026-06-27T14:45:56,2.0,B2,Car
JKL5940,2026-06-27T12:35:35,2026-06-27T13:37:35,2.0,B1,Car
BMK3197,2026-06-27T14:55:19,2026-06-27T17:01:19,2.0,B1,Car
WB2959,2026-06-27T20:18:35,2026-06-27T22:39:35,2.0,B1,Motorcycle
VBA7244,2026-06-27T11:15:06,2026-06-27T12:57:06,2.0,B2,Car
PLT2502,2026-06-27T14:00:46,2026-06-27T15:42:46,2.0,B1,Motorcycle
JKL6521,2026-06-27T14:54:33,2026-06-27T16:22:33,2.0,B1,Car
SWJ4984,2026-06-27T19:14:43,2026-06-27T21:07:43,2.0,B2,Car
VBA7384,2026-06-27T14:27:56,2026-06-27T16:10:56,2.0,P2,Motorcycle
WXY8019,2026-06-27T09:21:41,2026-06-27T10:23:41,2.0,B2,Motorcycle
WA6110,2026-06-27T15:45:53,2026-06-27T18:15:53,2.0,B2,Car
BMK1450,2026-06-27T12:07:30,2026-06-27T13:43:30,2.0,B2,Car
BMK7287,2026-06-27T12:28:41,2026-06-27T14:56:41,2.0,B2,Motorcycle
WB5682,2026-06-27T17:33:38,2026-06-27T18:52:38,2.0,B1,Car
SWJ2067,2026-06-27T14:07:32,2026-06-27T15:37:32,2.0,B2,Car
PLT3937,2026-06-27T17:13:15,2026-06-27T18:23:15,2.0,P2,Car
WB6858,2026-06-27T16:03:00,2026-06-27T17:59:00,2.0,P3,Motorcycle
JKL2784,2026-06-27T09:48:47,2026-06-27T12:34:47,2.0,B1,Car
VCC5288,2026-06-27T10:02:06,2026-06-27T12:02:06,2.0,P2,Motorcycle
VCC2880,2026-06-27T18:52:59,2026-06-27T19:27:59,2.0,P2,Car
SWJ103,2026-06-27T10:38:07,2026-06-27T13:23:07,2.0,B2,Car
SWJ5412,2026-06-27T16:48:07,2026-06-27T18:10:07,2.0,P3,Car
BMK7565,2026-06-27T17:01:37,2026-06-27T20:06:37,2.21,B2,Car
SWJ3534,2026-06-27T20:06:00,2026-06-27T21:42:00,2.0,B1,Motorcycle
BMK8739,2026-06-27T13:34:01,2026-06-27T16:13:01,2.0,P3,Motorcycle
WA9432,2026-06-27T12:35:59,2026-06-27T14:08:59,2.0,P3,Car
WXY6017,2026-06-27T13:18:16,2026-06-27T15:18:16,2.0,P1,Motorcycle
VCC1558,2026-06-27T17:33:41,2026-06-27T19:48:41,2.0,B2,Car
VBA1278,2026-06-27T17:22:06,2026-06-27T19:48:06,2.0,B1,Car
WB4505,2026-06-27T15:59:45,2026-06-27T16:07:45,0.0,B2,Car
JHG6700,2026-06-27T18:42:49,2026-06-27T20:21:49,2.0,B2,Motorcycle
WXY8890,2026-06-27T08:05:54,2026-06-27T09:09:54,2.0,B2,Motorcycle
SWJ3033,2026-06-27T18:52:28,2026-06-27T21:16:28,2.0,B1,Car
BMK8926,2026-06-27T15:12:00,2026-06-27T16:24:00,2.0,P2,Car
VBA86,2026-06-27T13:55:43,2026-06-27T17:24:43,3.21,P1,Motorcycle
JHG3886,2026-06-27T15:03:27,2026-06-27T16:13:27,2.0,P2,Motorcycle
